file,num_atoms,energy_chgnet_meV_per_atom,energy_mace_meV_per_atom,delta_E_meV_per_atom,force_mae_meV_per_A,force_rmse_meV_per_A,force_max_abs_meV_per_A
cellrelaxed_LLZO_001_Zr_code93_sto__Li_110_slab_heavy_T300_0004_strain+0.010_perturbed.cif,900,-3105.0119400024414,-3098.2100326786167,6.801907323824707,40.967699909787676,57.56029799139081,326.1644296915366
cellrelaxed_LLZO_001_Zr_code93_sto__Li_110_slab_heavy_T300_0004_strain+0.015_perturbed.cif,900,-3109.7159385681152,-3102.8095447828596,6.906393785255659,41.94364364042613,58.53730265572008,306.54892675145743
cellrelaxed_LLZO_001_Zr_code93_sto__Li_110_slab_heavy_T300_0004_strain-0.010_perturbed.cif,900,-3074.6285915374756,-3067.9399878471545,6.688603690321088,47.068536080456916,66.49330319024624,381.5577451372525
cellrelaxed_LLZO_001_Zr_code93_sto__Li_110_slab_heavy_T300_0004_strain-0.015_perturbed.cif,900,-3063.967704772949,-3057.1749184110863,6.792786361862909,50.366249153273756,71.87174673352598,476.4256715201366
cellrelaxed_LLZO_001_Zr_code93_sto__Li_110_slab_heavy_T300_0017_strain+0.010_perturbed.cif,900,-3150.233507156372,-3139.283726137461,10.949781018910926,42.5540907499769,60.96980393996854,372.2047376972208
cellrelaxed_LLZO_001_Zr_code93_sto__Li_110_slab_heavy_T300_0017_strain+0.015_perturbed.cif,900,-3154.3896198272705,-3143.2934065245595,11.096213302711021,42.04859030607724,59.325878997196654,330.2829244445112
cellrelaxed_LLZO_001_Zr_code93_sto__Li_110_slab_heavy_T300_0017_strain-0.010_perturbed.cif,900,-3120.2080249786377,-3110.1972103645353,10.0108146141024,47.505019081090666,68.52268971725832,440.3527044156921
cellrelaxed_LLZO_001_Zr_code93_sto__Li_110_slab_heavy_T300_0017_strain-0.015_perturbed.cif,900,-3108.539819717407,-3098.9436392247767,9.596180492630538,50.07559502339607,73.21181111712876,447.5701255482571
cellrelaxed_LLZO_001_Zr_code93_sto__Li_110_slab_heavy_T300_0036_strain+0.010_perturbed.cif,900,-3193.6378479003906,-3180.6958017273832,12.942046173007384,38.95768403120449,55.70120270835951,254.53437413120855
cellrelaxed_LLZO_001_Zr_code93_sto__Li_110_slab_heavy_T300_0036_strain+0.015_perturbed.cif,900,-3197.3280906677246,-3184.393058468995,12.93503219872946,39.003405343181846,55.61908746406581,238.78000337967484
cellrelaxed_LLZO_001_Zr_code93_sto__Li_110_slab_heavy_T300_0036_strain-0.010_perturbed.cif,900,-3165.205240249634,-3152.6569607893985,12.548279460235335,44.835579209102086,65.19020692648277,457.4342206575675
cellrelaxed_LLZO_001_Zr_code93_sto__Li_110_slab_heavy_T300_0036_strain-0.015_perturbed.cif,900,-3154.170513153076,-3141.8764169023293,12.294096250746861,47.74947076581308,69.59224987806572,622.4045510683866
cellrelaxed_LLZO_001_Zr_code93_sto__Li_110_slab_heavy_T300_0062_strain+0.010_perturbed.cif,900,-3250.1463890075684,-3237.5615086241223,12.584880383446034,34.8834645820739,50.6082820114781,294.6600276479003
cellrelaxed_LLZO_001_Zr_code93_sto__Li_110_slab_heavy_T300_0062_strain+0.015_perturbed.cif,900,-3254.64129447937,-3242.2353319213853,12.405962557984822,33.67883082441783,48.8043532495093,286.787362122114
cellrelaxed_LLZO_001_Zr_code93_sto__Li_110_slab_heavy_T300_0062_strain-0.010_perturbed.cif,900,-3219.3644046783447,-3206.410160023273,12.954244655071761,39.6269737945232,59.485712312068756,382.66647501285297
cellrelaxed_LLZO_001_Zr_code93_sto__Li_110_slab_heavy_T300_0062_strain-0.015_perturbed.cif,900,-3207.984447479248,-3195.119398583613,12.865048895635027,41.58434813371094,62.11052638088516,516.169532400012
cellrelaxed_LLZO_001_Zr_code93_sto__Li_110_slab_heavy_T300_0084_strain+0.010_perturbed.cif,900,-3293.1766510009766,-3281.1492572794023,12.027393721574299,29.95680699134168,46.45867962555643,323.9792493313
cellrelaxed_LLZO_001_Zr_code93_sto__Li_110_slab_heavy_T300_0084_strain+0.015_perturbed.cif,900,-3297.6298332214355,-3285.9197929792895,11.710040242146079,29.423644877645906,45.0846315804007,325.708816461449
cellrelaxed_LLZO_001_Zr_code93_sto__Li_110_slab_heavy_T300_0084_strain-0.010_perturbed.cif,900,-3263.817310333252,-3250.5540420006337,13.263268332618281,34.91415635650353,53.21380012530227,298.3851159353119
cellrelaxed_LLZO_001_Zr_code93_sto__Li_110_slab_heavy_T300_0084_strain-0.015_perturbed.cif,900,-3253.058671951294,-3239.5616329736526,13.497038977641296,36.684944193002494,55.60059633409519,324.2700096003855
cellrelaxed_LLZO_001_Zr_code93_sto__Li_110_slab_heavy_T300_0103_strain+0.010_perturbed.cif,900,-3338.6571407318115,-3327.302454992314,11.354685739497654,27.192119611525925,43.334543354876935,300.34174332092346
cellrelaxed_LLZO_001_Zr_code93_sto__Li_110_slab_heavy_T300_0103_strain+0.015_perturbed.cif,900,-3342.8096771240234,-3331.7054418107405,11.10423531328297,26.902615737050503,42.689761421493245,294.67815125692937
cellrelaxed_LLZO_001_Zr_code93_sto__Li_110_slab_heavy_T300_0103_strain-0.010_perturbed.cif,900,-3311.375617980957,-3299.232150265242,12.143467715714905,30.501875170261158,49.56315954505004,411.5838425300999
cellrelaxed_LLZO_001_Zr_code93_sto__Li_110_slab_heavy_T300_0103_strain-0.015_perturbed.cif,900,-3301.682949066162,-3289.3748446774166,12.308104388745505,31.83131280326396,50.24216835991393,459.30377572876955
cellrelaxed_LLZO_001_Zr_code93_sto__Li_110_slab_heavy_T300_0104_strain+0.010_perturbed.cif,900,-3341.029644012451,-3329.8195517249083,11.21009228754292,27.35540885691062,43.53242508790696,356.93702188039174
cellrelaxed_LLZO_001_Zr_code93_sto__Li_110_slab_heavy_T300_0104_strain+0.015_perturbed.cif,900,-3345.1287746429443,-3334.1290818130883,10.99969282985603,26.730718520230443,42.108842523659824,349.9819569347461
cellrelaxed_LLZO_001_Zr_code93_sto__Li_110_slab_heavy_T300_0104_strain-0.010_perturbed.cif,900,-3314.5766258239746,-3302.4035255395574,12.17310028441716,30.449313354109695,48.06467097835118,404.0822090696747
cellrelaxed_LLZO_001_Zr_code93_sto__Li_110_slab_heavy_T300_0104_strain-0.015_perturbed.cif,900,-3305.0506114959717,-3292.6894869074586,12.361124588513121,32.22668320427821,51.13189169733491,389.6270412996014
cellrelaxed_LLZO_001_Zr_code93_sto__Li_110_slab_heavy_T300_0123_strain+0.010_perturbed.cif,900,-3390.305757522583,-3378.6704153506435,11.635342171939556,24.109445900132005,38.20352581189359,300.32167503105177
cellrelaxed_LLZO_001_Zr_code93_sto__Li_110_slab_heavy_T300_0123_strain+0.015_perturbed.cif,900,-3394.7691917419434,-3383.280079850261,11.489111891682569,23.961559707524643,38.29710575778176,280.57546066260227
cellrelaxed_LLZO_001_Zr_code93_sto__Li_110_slab_heavy_T300_0123_strain-0.010_perturbed.cif,900,-3363.412380218506,-3351.1221640090744,12.290216209431492,26.394549387249636,41.368542860246244,283.38726432810813
cellrelaxed_LLZO_001_Zr_code93_sto__Li_110_slab_heavy_T300_0123_strain-0.015_perturbed.cif,900,-3354.0868759155273,-3341.6473260901207,12.43954982540663,27.371693809984432,43.913181943209224,365.03395575823606
cellrelaxed_LLZO_001_Zr_code93_sto__Li_110_slab_heavy_T300_0131_strain+0.010_perturbed.cif,900,-3415.7676696777344,-3403.7100961573824,12.05757352035198,21.849490427742115,33.5907177693591,365.99100715419934
cellrelaxed_LLZO_001_Zr_code93_sto__Li_110_slab_heavy_T300_0131_strain+0.015_perturbed.cif,900,-3420.1176166534424,-3408.3140200721878,11.803596581254624,21.953123961683236,33.82001154875592,323.99636058907447
cellrelaxed_LLZO_001_Zr_code93_sto__Li_110_slab_heavy_T300_0131_strain-0.010_perturbed.cif,900,-3389.8110389709473,-3376.715383112217,13.095655858730424,24.875803149606863,38.97520498117339,286.26823580221196
cellrelaxed_LLZO_001_Zr_code93_sto__Li_110_slab_heavy_T300_0131_strain-0.015_perturbed.cif,900,-3380.8186054229736,-3367.509883974239,13.308721448734559,25.582782185720312,39.57959957767454,318.76910097249805
cellrelaxed_LLZO_001_Zr_code93_sto__Li_110_slab_heavy_T300_0145_strain-0.010_perturbed.cif,900,-3426.8038272857666,-3414.9790716544117,11.824755631354947,21.375382796139974,30.64506424566115,223.29491658544634
cellrelaxed_LLZO_001_Zr_code93_sto__Li_110_slab_heavy_T300_0145_strain-0.015_perturbed.cif,900,-3418.0757999420166,-3405.824046174045,12.251753767971422,22.675260062986954,32.666923321178395,258.7624944907195
cellrelaxed_LLZO_001_Zr_code93_sto__Li_110_slab_heavy_T300_0154_strain-0.010_perturbed.cif,900,-3445.356845855713,-3434.6130991006307,10.743746755082157,21.766354938474667,31.91457251678701,316.9860664114524
cellrelaxed_LLZO_001_Zr_code93_sto__Li_110_slab_heavy_T300_0154_strain-0.015_perturbed.cif,900,-3436.448097229004,-3425.446615409132,11.00148181987197,22.916005305174927,33.49097599042422,337.3712178178648
cellrelaxed_LLZO_001_Zr_code93_sto__Li_110_slab_heavy_T300_0167_strain+0.010_perturbed.cif,900,-3477.3547649383545,-3467.4397963817723,9.914968556582153,20.296429173235314,30.885789690713416,208.4760907927844
cellrelaxed_LLZO_001_Zr_code93_sto__Li_110_slab_heavy_T300_0167_strain+0.015_perturbed.cif,900,-3482.0220470428467,-3472.168658055663,9.853388987183735,19.88237206177353,30.89072408613199,197.3886422735036
cellrelaxed_LLZO_001_Zr_code93_sto__Li_110_slab_heavy_T300_0167_strain-0.010_perturbed.cif,900,-3449.918031692505,-3439.6216810069423,10.29635068556263,22.261327149817348,33.80784238163907,299.6309217966311
cellrelaxed_LLZO_001_Zr_code93_sto__Li_110_slab_heavy_T300_0167_strain-0.015_perturbed.cif,900,-3440.6089782714844,-3430.1914771051574,10.417501166326929,23.023933163777976,35.14643492973001,284.43282047994944
cellrelaxed_LLZO_001_Zr_code93_sto__Li_110_slab_heavy_T300_0170_strain+0.010_perturbed.cif,900,-3476.372718811035,-3466.3588863375157,10.013832473519415,20.454231508207844,30.510858178452043,253.40354062301464
cellrelaxed_LLZO_001_Zr_code93_sto__Li_110_slab_heavy_T300_0170_strain+0.015_perturbed.cif,900,-3481.1413288116455,-3471.1779615877704,9.963367223875139,20.1050156263062,30.15788553105642,241.15800614937746
cellrelaxed_LLZO_001_Zr_code93_sto__Li_110_slab_heavy_T300_0170_strain-0.010_perturbed.cif,900,-3448.5344886779785,-3438.1109084655245,10.423580212453999,22.411738755703215,32.821562434623864,252.52952132507693
cellrelaxed_LLZO_001_Zr_code93_sto__Li_110_slab_heavy_T300_0170_strain-0.015_perturbed.cif,900,-3439.1865730285645,-3428.6752190505895,10.511353977974977,23.516626766248695,34.93625151611784,301.2658957439967
cellrelaxed_LLZO_001_Zr_code93_sto__Li_110_slab_heavy_T300_0173_strain+0.010_perturbed.cif,900,-3476.651430130005,-3466.527042457019,10.124387672985904,20.440181168137638,30.71394294617743,213.90815724521758
cellrelaxed_LLZO_001_Zr_code93_sto__Li_110_slab_heavy_T300_0173_strain+0.015_perturbed.cif,900,-3481.5924167633057,-3471.5179645303742,10.074452232931435,20.307280790180048,30.595381259804622,187.7689402451176
cellrelaxed_LLZO_001_Zr_code93_sto__Li_110_slab_heavy_T300_0173_strain-0.010_perturbed.cif,900,-3448.1072425842285,-3437.673854034187,10.4333885500414,23.191127274708272,35.2485998290367,247.73877834492714
cellrelaxed_LLZO_001_Zr_code93_sto__Li_110_slab_heavy_T300_0173_strain-0.015_perturbed.cif,900,-3438.506603240967,-3428.01622904158,10.490374199386679,24.110873354989174,36.095872689795975,232.62503532529627
cellrelaxed_LLZO_001_Zr_code93_sto__Li_110_slab_heavy_T300_0193_strain+0.010_perturbed.cif,900,-3465.2349948883057,-3455.4166756763716,9.818319211934067,21.78807026673942,34.216007536042206,314.0808932708196
cellrelaxed_LLZO_001_Zr_code93_sto__Li_110_slab_heavy_T300_0193_strain+0.015_perturbed.cif,900,-3470.905542373657,-3461.2305087242407,9.675033649416491,21.533377299672654,33.72518636617081,304.21820804797267
cellrelaxed_LLZO_001_Zr_code93_sto__Li_110_slab_heavy_T300_0193_strain-0.010_perturbed.cif,900,-3432.981491088867,-3422.690933874045,10.290557214822002,24.77377083772758,39.04187140666092,347.72207268437205
cellrelaxed_LLZO_001_Zr_code93_sto__Li_110_slab_heavy_T300_0193_strain-0.015_perturbed.cif,900,-3422.26505279541,-3411.9467740473597,10.318278748050489,25.723307896042325,41.07284583292182,335.22830277275443
cellrelaxed_LLZO_001_Zr_code93_sto__Li_110_slab_heavy_T450_0015_strain+0.010_perturbed.cif,900,-3136.732578277588,-3126.290123345033,10.442454932554938,43.50554839696851,61.91525012747807,370.90724532865624
cellrelaxed_LLZO_001_Zr_code93_sto__Li_110_slab_heavy_T450_0015_strain+0.015_perturbed.cif,900,-3141.0229206085205,-3130.4982564072834,10.524664201237101,43.906072054766376,63.1246934687844,456.49371706524425
cellrelaxed_LLZO_001_Zr_code93_sto__Li_110_slab_heavy_T450_0015_strain-0.010_perturbed.cif,900,-3106.3361167907715,-3096.71238871301,9.62372807776137,48.46187720606804,69.38879106306645,521.192096241009
cellrelaxed_LLZO_001_Zr_code93_sto__Li_110_slab_heavy_T450_0015_strain-0.015_perturbed.cif,900,-3094.9223041534424,-3085.6243071225213,9.297997030921124,51.1767155123023,74.17379128224916,365.9028130939779
cellrelaxed_LLZO_001_Zr_code93_sto__Li_110_slab_heavy_T450_0018_strain+0.010_perturbed.cif,900,-3149.1377353668213,-3137.7830842645362,11.354651102285061,44.116787477273405,62.7631025809552,335.8501245604067
cellrelaxed_LLZO_001_Zr_code93_sto__Li_110_slab_heavy_T450_0018_strain+0.015_perturbed.cif,900,-3153.15580368042,-3141.6606838366715,11.495119843748398,44.27332492140846,63.93777999133503,393.38464938724997
cellrelaxed_LLZO_001_Zr_code93_sto__Li_110_slab_heavy_T450_0018_strain-0.010_perturbed.cif,900,-3119.2445755004883,-3108.8585060372134,10.386069463274907,49.4551801719541,72.0923823144131,513.3928852002865
cellrelaxed_LLZO_001_Zr_code93_sto__Li_110_slab_heavy_T450_0018_strain-0.015_perturbed.cif,900,-3107.856512069702,-3097.855348023521,10.001164046181202,52.00528486241938,75.89958338756439,676.2572478720463
cellrelaxed_LLZO_001_Zr_code93_sto__Li_110_slab_heavy_T450_0032_strain+0.010_perturbed.cif,900,-3178.323745727539,-3165.1840710212127,13.139674706326332,41.785548662003954,62.39288656212532,594.472509820589
cellrelaxed_LLZO_001_Zr_code93_sto__Li_110_slab_heavy_T450_0032_strain+0.015_perturbed.cif,900,-3182.3229789733887,-3169.2027117497246,13.120267223664086,41.14914650072741,62.40311629510776,599.7615027443526
cellrelaxed_LLZO_001_Zr_code93_sto__Li_110_slab_heavy_T450_0032_strain-0.010_perturbed.cif,900,-3148.400068283081,-3135.8314810758907,12.568587207190376,46.2036151474167,68.15273529055717,587.6307398979638
cellrelaxed_LLZO_001_Zr_code93_sto__Li_110_slab_heavy_T450_0032_strain-0.015_perturbed.cif,900,-3136.733055114746,-3124.4370448151476,12.296010299598493,49.33489310098678,72.91539659164819,551.4324776090621
cellrelaxed_LLZO_001_Zr_code93_sto__Li_110_slab_heavy_T450_0036_strain+0.010_perturbed.cif,900,-3186.2847805023193,-3173.1896262068444,13.095154295474913,38.3102044605145,55.19321950231162,371.75214471995105
cellrelaxed_LLZO_001_Zr_code93_sto__Li_110_slab_heavy_T450_0036_strain+0.015_perturbed.cif,900,-3190.585136413574,-3177.4315779110316,13.153558502542637,37.843697382130564,55.237614530426576,312.08276195546955
cellrelaxed_LLZO_001_Zr_code93_sto__Li_110_slab_heavy_T450_0036_strain-0.010_perturbed.cif,900,-3155.182361602783,-3142.865877751966,12.316483850817349,43.984175738950924,62.28027687205763,333.1335359404154
cellrelaxed_LLZO_001_Zr_code93_sto__Li_110_slab_heavy_T450_0036_strain-0.015_perturbed.cif,900,-3143.6004638671875,-3131.554070225555,12.046393641632676,46.39659092101467,65.81145270108337,388.8340644467153
cellrelaxed_LLZO_001_Zr_code93_sto__Li_110_slab_heavy_T450_0057_strain+0.010_perturbed.cif,900,-3227.9415130615234,-3214.8561511051957,13.085361956327688,35.752884540586614,52.29393894206013,316.3879628002767
cellrelaxed_LLZO_001_Zr_code93_sto__Li_110_slab_heavy_T450_0057_strain+0.015_perturbed.cif,900,-3232.579231262207,-3219.5566026994493,13.022628562757745,35.50882751450402,52.311099396472194,331.8936557060863
cellrelaxed_LLZO_001_Zr_code93_sto__Li_110_slab_heavy_T450_0057_strain-0.010_perturbed.cif,900,-3196.425676345825,-3183.5271824484357,12.898493897389471,40.55657063982509,58.74556034583611,329.7630260307707
cellrelaxed_LLZO_001_Zr_code93_sto__Li_110_slab_heavy_T450_0057_strain-0.015_perturbed.cif,900,-3184.828042984009,-3172.103780116013,12.724262867996003,43.38818917723327,64.19955267886873,460.71474277390735
cellrelaxed_LLZO_001_Zr_code93_sto__Li_110_slab_heavy_T450_0062_strain+0.010_perturbed.cif,900,-3239.293098449707,-3225.8837950209595,13.409303428747535,34.3002099331885,51.27058143677624,404.99294910063605
cellrelaxed_LLZO_001_Zr_code93_sto__Li_110_slab_heavy_T450_0062_strain+0.015_perturbed.cif,900,-3244.004487991333,-3230.7371110537338,13.267376937599238,33.99790126660897,50.522455614526976,382.04341797134043
cellrelaxed_LLZO_001_Zr_code93_sto__Li_110_slab_heavy_T450_0062_strain-0.010_perturbed.cif,900,-3207.247018814087,-3194.0449158819843,13.202102932102662,38.5196969585692,55.72759935905009,342.774436687258
cellrelaxed_LLZO_001_Zr_code93_sto__Li_110_slab_heavy_T450_0062_strain-0.015_perturbed.cif,900,-3195.5626010894775,-3182.604528369783,12.958072719694428,42.79943964722562,61.999021527602295,364.55965322484536
cellrelaxed_LLZO_001_Zr_code93_sto__Li_110_slab_heavy_T450_0065_strain+0.010_perturbed.cif,900,-3244.1999912261963,-3231.0864656051854,13.113525621010922,33.505057560227456,48.73917479922506,274.30677033547465
cellrelaxed_LLZO_001_Zr_code93_sto__Li_110_slab_heavy_T450_0065_strain+0.015_perturbed.cif,900,-3248.849630355835,-3235.904565447482,12.945064908352833,32.9394322066457,48.08540279269095,281.93278725916934
cellrelaxed_LLZO_001_Zr_code93_sto__Li_110_slab_heavy_T450_0065_strain-0.010_perturbed.cif,900,-3212.953567504883,-3199.776201957688,13.177365547194768,40.64645948303672,59.211040835185074,422.9365258424018
cellrelaxed_LLZO_001_Zr_code93_sto__Li_110_slab_heavy_T450_0065_strain-0.015_perturbed.cif,900,-3201.4553546905518,-3188.4530558056817,13.002298884870015,42.93602032824096,63.303181416339086,420.95638705852434
cellrelaxed_LLZO_001_Zr_code93_sto__Li_110_slab_heavy_T450_0078_strain+0.010_perturbed.cif,900,-3271.9011306762695,-3258.368479328023,13.532651348246418,34.582104066985615,53.04537497411294,360.29741456215925
cellrelaxed_LLZO_001_Zr_code93_sto__Li_110_slab_heavy_T450_0078_strain+0.015_perturbed.cif,900,-3276.8478393554688,-3263.5273148730307,13.320524482438032,33.767446114637785,52.27458270233889,304.86085131316986
cellrelaxed_LLZO_001_Zr_code93_sto__Li_110_slab_heavy_T450_0078_strain-0.010_perturbed.cif,900,-3240.561008453369,-3226.648674779216,13.91233367415316,38.191991640564495,57.36309605019519,355.1781114724017
cellrelaxed_LLZO_001_Zr_code93_sto__Li_110_slab_heavy_T450_0078_strain-0.015_perturbed.cif,900,-3229.358911514282,-3215.5019625834475,13.856948930834733,39.544579355588134,58.43276725435263,378.19088723100003
cellrelaxed_LLZO_001_Zr_code93_sto__Li_110_slab_heavy_T450_0094_strain+0.010_perturbed.cif,900,-3310.2188110351562,-3297.7624659311386,12.4563451040176,29.091247929696507,45.35482519052488,361.38932680657217
cellrelaxed_LLZO_001_Zr_code93_sto__Li_110_slab_heavy_T450_0094_strain+0.015_perturbed.cif,900,-3315.256118774414,-3303.11181537752,12.144303396893974,28.725346541267687,44.50606948214908,359.2765694117945
cellrelaxed_LLZO_001_Zr_code93_sto__Li_110_slab_heavy_T450_0094_strain-0.010_perturbed.cif,900,-3279.353141784668,-3265.7700859519214,13.583055832746595,34.02179739494729,53.32883761094015,484.19443475132607
cellrelaxed_LLZO_001_Zr_code93_sto__Li_110_slab_heavy_T450_0094_strain-0.015_perturbed.cif,900,-3268.4972286224365,-3254.711317587385,13.785911035051413,36.714368519820304,57.53137185732491,453.4691057778591
cellrelaxed_LLZO_001_Zr_code93_sto__Li_110_slab_heavy_T450_0097_strain+0.010_perturbed.cif,900,-3317.4996376037598,-3305.147596233712,12.352041370047573,28.464274630449825,43.298521936158515,275.7957517758473
cellrelaxed_LLZO_001_Zr_code93_sto__Li_110_slab_heavy_T450_0097_strain+0.015_perturbed.cif,900,-3322.3118782043457,-3310.254951249646,12.05692695469952,28.166444493648477,43.33704932144773,273.51524789627535
cellrelaxed_LLZO_001_Zr_code93_sto__Li_110_slab_heavy_T450_0097_strain-0.010_perturbed.cif,900,-3287.703275680542,-3274.3252786661874,13.377997014354605,33.84416272358798,52.31575151560498,330.81280594530585
cellrelaxed_LLZO_001_Zr_code93_sto__Li_110_slab_heavy_T450_0097_strain-0.015_perturbed.cif,900,-3277.209997177124,-3263.6608911647477,13.549106012376342,35.766626584697896,55.88188522528416,406.1402732350075
cellrelaxed_LLZO_001_Zr_code93_sto__Li_110_slab_heavy_T450_0120_strain+0.010_perturbed.cif,900,-3379.1658878326416,-3367.27240251817,11.89348531447149,26.61715007714847,42.4539949107407,444.7596074439132
cellrelaxed_LLZO_001_Zr_code93_sto__Li_110_slab_heavy_T450_0120_strain+0.015_perturbed.cif,900,-3383.998155593872,-3372.338418903075,11.659736690797217,25.583547284385208,41.251633226121704,475.98060069015287
cellrelaxed_LLZO_001_Zr_code93_sto__Li_110_slab_heavy_T450_0120_strain-0.010_perturbed.cif,900,-3350.6999015808105,-3337.7395123500737,12.960389230736837,28.532391964107486,43.61031427152334,299.4469379754067
cellrelaxed_LLZO_001_Zr_code93_sto__Li_110_slab_heavy_T450_0120_strain-0.015_perturbed.cif,900,-3340.9552574157715,-3327.761866301492,13.19339111427962,30.29384967573756,46.889112981755524,372.6915793667813
cellrelaxed_LLZO_001_Zr_code93_sto__Li_110_slab_heavy_T450_0154_strain-0.010_perturbed.cif,900,-3433.299779891968,-3422.841812716797,10.45796717517078,22.395520108324526,32.21205206611981,305.1828629509323
cellrelaxed_LLZO_001_Zr_code93_sto__Li_110_slab_heavy_T450_0154_strain-0.015_perturbed.cif,900,-3424.34024810791,-3413.692360363881,10.647887744029049,23.88825953684035,34.548054312025755,308.3640439026849
cellrelaxed_LLZO_001_Zr_code93_sto__Li_110_slab_heavy_T450_0160_strain+0.010_perturbed.cif,900,-3463.482141494751,-3453.777023215112,9.70511827963901,21.52669566241739,32.34084308755624,232.77140670270614
cellrelaxed_LLZO_001_Zr_code93_sto__Li_110_slab_heavy_T450_0160_strain+0.015_perturbed.cif,900,-3468.1849479675293,-3458.5518661321516,9.633081835377652,21.15793457361094,32.265163730927014,222.44577327646653
cellrelaxed_LLZO_001_Zr_code93_sto__Li_110_slab_heavy_T450_0160_strain-0.010_perturbed.cif,900,-3435.861825942993,-3425.575632339492,10.286193603501033,23.095396486130294,33.463173467316494,274.0593172371601
cellrelaxed_LLZO_001_Zr_code93_sto__Li_110_slab_heavy_T450_0160_strain-0.015_perturbed.cif,900,-3426.5310764312744,-3416.0964780865147,10.434598344759706,24.148005921313473,35.18641305468755,275.6904526397018
cellrelaxed_LLZO_001_Zr_code93_sto__Li_110_slab_heavy_T450_0194_strain+0.010_perturbed.cif,900,-3452.9693126678467,-3442.8934590095178,10.075853658328924,22.52968369482835,36.99691791056229,378.68613974826394
cellrelaxed_LLZO_001_Zr_code93_sto__Li_110_slab_heavy_T450_0194_strain+0.015_perturbed.cif,900,-3459.1445922851562,-3449.2222025775445,9.922389707611728,22.27276502893798,36.15739166169547,358.6422369166712
cellrelaxed_LLZO_001_Zr_code93_sto__Li_110_slab_heavy_T450_0194_strain-0.010_perturbed.cif,900,-3417.766571044922,-3407.447523312876,10.319047732045874,26.59610217493789,42.34171276397711,362.70059219054315
cellrelaxed_LLZO_001_Zr_code93_sto__Li_110_slab_heavy_T450_0194_strain-0.015_perturbed.cif,900,-3406.2609672546387,-3395.9534030507916,10.30756420384705,27.70581368826829,44.29233452371926,397.8477444493749
cellrelaxed_LLZO_001_Zr_code93_sto__Li_110_slab_heavy_T450_0197_strain+0.010_perturbed.cif,900,-3447.2036361694336,-3436.938645938062,10.264990231371485,22.36434279324363,34.19661970075778,294.2856445591583
cellrelaxed_LLZO_001_Zr_code93_sto__Li_110_slab_heavy_T450_0197_strain+0.015_perturbed.cif,900,-3453.5510540008545,-3443.4772037838575,10.073850216997016,21.69559964951079,32.95502961364515,268.05815755390813
cellrelaxed_LLZO_001_Zr_code93_sto__Li_110_slab_heavy_T450_0197_strain-0.010_perturbed.cif,900,-3411.461353302002,-3400.8317913559017,10.629561946100239,26.1921700289453,39.21064526143393,212.56997904935963
cellrelaxed_LLZO_001_Zr_code93_sto__Li_110_slab_heavy_T450_0197_strain-0.015_perturbed.cif,900,-3399.8537063598633,-3389.2308053875845,10.622900972278785,27.212684913571458,40.756662580810406,245.24765782653571
cellrelaxed_LLZO_001_Zr_code93_sto__Li_111_slab_heavy_T300_0013_strain+0.010_perturbed.cif,1044,-2983.265161514282,-2971.740928784018,11.52423273026443,35.18310215297947,52.58362447096384,285.3385646977458
cellrelaxed_LLZO_001_Zr_code93_sto__Li_111_slab_heavy_T300_0013_strain+0.015_perturbed.cif,1044,-2982.440233230591,-2971.0451127423585,11.395120488232351,34.64508523248699,51.91762931450205,261.4899236001226
cellrelaxed_LLZO_001_Zr_code93_sto__Li_111_slab_heavy_T300_0013_strain-0.010_perturbed.cif,1044,-2971.2371826171875,-2959.4123145054455,11.824868111742035,35.514396517776916,53.04309827056936,297.79072297419737
cellrelaxed_LLZO_001_Zr_code93_sto__Li_111_slab_heavy_T300_0013_strain-0.015_perturbed.cif,1044,-2963.9172554016113,-2951.998778251506,11.918477150105446,37.12073467640145,55.08089699667826,336.9434004387904
cellrelaxed_LLZO_001_Zr_code93_sto__Li_111_slab_heavy_T300_0016_strain+0.010_perturbed.cif,1044,-2984.011650085449,-2972.538194173474,11.47345591197518,33.98727673639738,51.67129294006952,289.7624305236068
cellrelaxed_LLZO_001_Zr_code93_sto__Li_111_slab_heavy_T300_0016_strain+0.015_perturbed.cif,1044,-2983.2093715667725,-2971.8465757802915,11.362795786481001,35.2198005626355,53.1869701447006,301.57372620089484
cellrelaxed_LLZO_001_Zr_code93_sto__Li_111_slab_heavy_T300_0016_strain-0.010_perturbed.cif,1044,-2971.980571746826,-2960.129717403768,11.850854343058018,35.08740855900863,52.0711577582204,243.82462579759044
cellrelaxed_LLZO_001_Zr_code93_sto__Li_111_slab_heavy_T300_0016_strain-0.015_perturbed.cif,1044,-2964.571952819824,-2952.5838186835044,11.988134136319786,36.67631565780008,55.1171329073873,303.41926049059145
cellrelaxed_LLZO_001_Zr_code93_sto__Li_111_slab_heavy_T300_0028_strain+0.010_perturbed.cif,1044,-2991.6882514953613,-2980.0735735614903,11.614677933871008,33.61939557672362,50.42088080143768,315.75115939043326
cellrelaxed_LLZO_001_Zr_code93_sto__Li_111_slab_heavy_T300_0028_strain+0.015_perturbed.cif,1044,-2991.2993907928467,-2979.818960724571,11.480430068275837,35.06252523085784,52.88539150833239,343.0235041516693
cellrelaxed_LLZO_001_Zr_code93_sto__Li_111_slab_heavy_T300_0028_strain-0.010_perturbed.cif,1044,-2978.121280670166,-2966.2392495487843,11.882031121381715,35.695447469790615,53.32280568658109,300.5357586627671
cellrelaxed_LLZO_001_Zr_code93_sto__Li_111_slab_heavy_T300_0028_strain-0.015_perturbed.cif,1044,-2970.4017639160156,-2958.4317994864336,11.969964429581978,37.79494549591881,57.0647673549618,332.0935341832005
cellrelaxed_LLZO_001_Zr_code93_sto__Li_111_slab_heavy_T300_0034_strain+0.010_perturbed.cif,1044,-2994.957685470581,-2983.459776570212,11.497908900369112,32.52893442556473,48.45115631093423,254.0056389748222
cellrelaxed_LLZO_001_Zr_code93_sto__Li_111_slab_heavy_T300_0034_strain+0.015_perturbed.cif,1044,-2994.7867393493652,-2983.3581116952255,11.428627654139746,33.2145510347705,49.86755159424808,268.72795661402324
cellrelaxed_LLZO_001_Zr_code93_sto__Li_111_slab_heavy_T300_0034_strain-0.010_perturbed.cif,1044,-2981.055974960327,-2969.269563543369,11.786411416958344,34.70269573545069,52.57640277075145,312.6551301605871
cellrelaxed_LLZO_001_Zr_code93_sto__Li_111_slab_heavy_T300_0034_strain-0.015_perturbed.cif,1044,-2973.471164703369,-2961.5501866486234,11.920978054745774,36.34565753174506,55.19283712634151,338.7717182897213
cellrelaxed_LLZO_001_Zr_code93_sto__Li_111_slab_heavy_T300_0038_strain+0.010_perturbed.cif,1044,-2999.431848526001,-2987.937747187831,11.494101338169912,32.871439720271944,50.07620810817955,291.7274991991734
cellrelaxed_LLZO_001_Zr_code93_sto__Li_111_slab_heavy_T300_0038_strain+0.015_perturbed.cif,1044,-2999.393939971924,-2988.0465692604675,11.347370711456279,33.13080520103678,50.18465424372131,252.72299745611133
cellrelaxed_LLZO_001_Zr_code93_sto__Li_111_slab_heavy_T300_0038_strain-0.010_perturbed.cif,1044,-2984.6835136413574,-2972.897120373704,11.786393267653239,35.00047301891767,52.76013457061874,294.9075471027329
cellrelaxed_LLZO_001_Zr_code93_sto__Li_111_slab_heavy_T300_0038_strain-0.015_perturbed.cif,1044,-2976.9020080566406,-2964.9888637489717,11.913144307668972,36.086808485174366,54.412964890327764,338.50762302085735
cellrelaxed_LLZO_001_Zr_code93_sto__Li_111_slab_heavy_T300_0042_strain+0.010_perturbed.cif,1044,-3000.476360321045,-2989.149451260482,11.326909060563139,32.40585740301493,48.57996872785391,262.10721604265905
cellrelaxed_LLZO_001_Zr_code93_sto__Li_111_slab_heavy_T300_0042_strain+0.015_perturbed.cif,1044,-3000.3321170806885,-2989.113067785312,11.219049295376408,33.419972149085915,50.534218498927,320.66120598057506
cellrelaxed_LLZO_001_Zr_code93_sto__Li_111_slab_heavy_T300_0042_strain-0.010_perturbed.cif,1044,-2986.0270023345947,-2974.4138078810024,11.613194453592314,32.95077641991385,49.567201993884915,436.2583230249654
cellrelaxed_LLZO_001_Zr_code93_sto__Li_111_slab_heavy_T300_0042_strain-0.015_perturbed.cif,1044,-2978.196859359741,-2966.5073665126897,11.689492847051497,33.970642685364055,51.16559901070941,367.3685043184348
cellrelaxed_LLZO_001_Zr_code93_sto__Li_111_slab_heavy_T300_0048_strain+0.010_perturbed.cif,1044,-3005.809783935547,-2994.8139550191995,10.995828916347364,33.35726098724139,49.76108948843802,275.1178912776891
cellrelaxed_LLZO_001_Zr_code93_sto__Li_111_slab_heavy_T300_0048_strain+0.015_perturbed.cif,1044,-3006.1635971069336,-2995.2267495704764,10.936847536457208,33.8277426183187,50.99213067064627,241.803110225761
cellrelaxed_LLZO_001_Zr_code93_sto__Li_111_slab_heavy_T300_0048_strain-0.010_perturbed.cif,1044,-2990.5216693878174,-2979.1653591088957,11.356310278921683,34.66310286953979,52.104637696530126,266.2419396577944
cellrelaxed_LLZO_001_Zr_code93_sto__Li_111_slab_heavy_T300_0048_strain-0.015_perturbed.cif,1044,-2982.7611446380615,-2971.2393472067165,11.521797431345021,37.09357962959597,55.75352694120744,374.92534939055236
cellrelaxed_LLZO_001_Zr_code93_sto__Li_111_slab_heavy_T300_0063_strain+0.010_perturbed.cif,1044,-3020.3282833099365,-3009.3709209333288,10.957362376607762,30.309997694159243,46.23076459083621,253.99799207165472
cellrelaxed_LLZO_001_Zr_code93_sto__Li_111_slab_heavy_T300_0063_strain+0.015_perturbed.cif,1044,-3021.3444232940674,-3010.465500720418,10.878922573649561,30.692266547905174,46.74267935043899,259.56210451313666
cellrelaxed_LLZO_001_Zr_code93_sto__Li_111_slab_heavy_T300_0063_strain-0.010_perturbed.cif,1044,-3002.1986961364746,-2990.856592196965,11.342103939509798,32.730510047761115,50.13498001225652,359.40302813358096
cellrelaxed_LLZO_001_Zr_code93_sto__Li_111_slab_heavy_T300_0063_strain-0.015_perturbed.cif,1044,-2993.6563968658447,-2982.1878012873667,11.468595578478016,34.21195417936618,51.87746426220485,371.0683245732461
cellrelaxed_LLZO_001_Zr_code93_sto__Li_111_slab_heavy_T300_0065_strain+0.010_perturbed.cif,1044,-3024.1870880126953,-3013.266058846266,10.921029166429435,30.62289103054092,46.29982865044804,278.3108776739534
cellrelaxed_LLZO_001_Zr_code93_sto__Li_111_slab_heavy_T300_0065_strain+0.015_perturbed.cif,1044,-3025.240182876587,-3014.373552731416,10.866630145170802,31.017963740235444,46.86363106571292,297.4605543378743
cellrelaxed_LLZO_001_Zr_code93_sto__Li_111_slab_heavy_T300_0065_strain-0.010_perturbed.cif,1044,-3005.918025970459,-2994.4715507155,11.446475254958841,32.430258651183976,49.17375384692762,363.392901514532
cellrelaxed_LLZO_001_Zr_code93_sto__Li_111_slab_heavy_T300_0065_strain-0.015_perturbed.cif,1044,-2997.296094894409,-2985.632169920366,11.663924974043312,35.29868202087555,53.59212717226889,263.90801620042396
cellrelaxed_LLZO_001_Zr_code93_sto__Li_111_slab_heavy_T300_0071_strain+0.010_perturbed.cif,1044,-3030.7674407958984,-3019.738539305533,11.02890149036557,30.47268793168868,46.59639689092468,274.28261156643083
cellrelaxed_LLZO_001_Zr_code93_sto__Li_111_slab_heavy_T300_0071_strain+0.015_perturbed.cif,1044,-3031.674861907959,-3020.7447174151957,10.930144492763247,30.803764857165916,47.08745304198872,258.6085142533843
cellrelaxed_LLZO_001_Zr_code93_sto__Li_111_slab_heavy_T300_0071_strain-0.010_perturbed.cif,1044,-3013.386011123657,-3001.769068011398,11.616943112259378,32.74141074170117,50.623499661859114,294.39354101374806
cellrelaxed_LLZO_001_Zr_code93_sto__Li_111_slab_heavy_T300_0071_strain-0.015_perturbed.cif,1044,-3005.056381225586,-2993.3019667020058,11.75441452358018,35.069581374441526,54.02529137124745,331.62936984585986
cellrelaxed_LLZO_001_Zr_code93_sto__Li_111_slab_heavy_T300_0082_strain+0.010_perturbed.cif,1044,-3041.419267654419,-3030.360140485138,11.059127169281055,29.359653458476004,45.79402412184346,264.6230854681444
cellrelaxed_LLZO_001_Zr_code93_sto__Li_111_slab_heavy_T300_0082_strain+0.015_perturbed.cif,1044,-3042.529582977295,-3031.5623692126674,10.967213764627559,29.836992070641486,46.38487051938921,324.5264450760276
cellrelaxed_LLZO_001_Zr_code93_sto__Li_111_slab_heavy_T300_0082_strain-0.010_perturbed.cif,1044,-3024.2137908935547,-3012.7087609970768,11.505029896477936,32.05024412481179,49.07537000049471,253.82172154935074
cellrelaxed_LLZO_001_Zr_code93_sto__Li_111_slab_heavy_T300_0082_strain-0.015_perturbed.cif,1044,-3015.995979309082,-3004.33571119437,11.660268114711926,33.04610813241031,51.28088873513462,311.0353911408954
cellrelaxed_LLZO_001_Zr_code93_sto__Li_111_slab_heavy_T300_0097_strain+0.010_perturbed.cif,1044,-3061.8772506713867,-3050.829216047619,11.048034623767762,28.47057822620281,45.361379061238694,257.66287088304193
cellrelaxed_LLZO_001_Zr_code93_sto__Li_111_slab_heavy_T300_0097_strain+0.015_perturbed.cif,1044,-3063.53759765625,-3052.535500353219,11.00209730303095,28.048541499276432,44.02644740932043,234.95873995863178
cellrelaxed_LLZO_001_Zr_code93_sto__Li_111_slab_heavy_T300_0097_strain-0.010_perturbed.cif,1044,-3042.285919189453,-3030.877630221129,11.408288968324086,30.472362902184933,47.55623938245648,285.3133875890012
cellrelaxed_LLZO_001_Zr_code93_sto__Li_111_slab_heavy_T300_0097_strain-0.015_perturbed.cif,1044,-3033.747434616089,-3022.1546308353913,11.592803780697523,32.234549533214896,50.824312648008544,293.98690940638613
cellrelaxed_LLZO_001_Zr_code93_sto__Li_111_slab_heavy_T300_0124_strain+0.010_perturbed.cif,1044,-3091.442108154297,-3080.6332801621884,10.80882799210849,26.519391826111924,42.1876041169711,269.0484294378059
cellrelaxed_LLZO_001_Zr_code93_sto__Li_111_slab_heavy_T300_0124_strain+0.015_perturbed.cif,1044,-3093.5158729553223,-3082.766609948055,10.749263007267473,26.09989612382137,41.67845139364288,230.63360339114604
cellrelaxed_LLZO_001_Zr_code93_sto__Li_111_slab_heavy_T300_0124_strain-0.010_perturbed.cif,1044,-3071.446418762207,-3060.1811556613216,11.265263100885477,28.130062695135326,43.82404383677465,268.31586240838453
cellrelaxed_LLZO_001_Zr_code93_sto__Li_111_slab_heavy_T300_0124_strain-0.015_perturbed.cif,1044,-3063.127040863037,-3051.612308667984,11.514732195053057,30.70154424302833,48.83722468696193,330.93113911596197
cellrelaxed_LLZO_001_Zr_code93_sto__Li_111_slab_heavy_T300_0144_strain+0.010_perturbed.cif,1044,-3113.206386566162,-3102.2834272699924,10.922959296169665,24.550956642467213,40.348244036362594,266.3843561580914
cellrelaxed_LLZO_001_Zr_code93_sto__Li_111_slab_heavy_T300_0144_strain+0.015_perturbed.cif,1044,-3115.476131439209,-3104.660599295621,10.815532143587916,24.269958969336493,39.55433124085231,229.2535619147876
cellrelaxed_LLZO_001_Zr_code93_sto__Li_111_slab_heavy_T300_0144_strain-0.010_perturbed.cif,1044,-3093.167304992676,-3081.8124302735164,11.354874719159398,27.884810529266364,45.6945417779899,352.38726520440673
cellrelaxed_LLZO_001_Zr_code93_sto__Li_111_slab_heavy_T300_0144_strain-0.015_perturbed.cif,1044,-3085.068702697754,-3073.580826914127,11.487875783626805,28.717548343494776,46.61011322439786,335.0473383431603
cellrelaxed_LLZO_001_Zr_code93_sto__Li_111_slab_heavy_T300_0150_strain+0.010_perturbed.cif,1044,-3119.7900772094727,-3108.7024222712735,11.087654938199194,24.75093987271379,39.55245520743777,295.70612414741555
cellrelaxed_LLZO_001_Zr_code93_sto__Li_111_slab_heavy_T300_0150_strain+0.015_perturbed.cif,1044,-3121.9635009765625,-3110.988528658618,10.97497231794432,24.945837418931813,40.35070219311054,291.24053355924536
cellrelaxed_LLZO_001_Zr_code93_sto__Li_111_slab_heavy_T300_0150_strain-0.010_perturbed.cif,1044,-3100.131034851074,-3088.610730321397,11.520304529677105,27.77078599149234,45.700204758703784,361.7160005769033
cellrelaxed_LLZO_001_Zr_code93_sto__Li_111_slab_heavy_T300_0150_strain-0.015_perturbed.cif,1044,-3092.1547412872314,-3080.505711900162,11.649029387069277,29.188714847814893,47.58028556706766,421.1253682715908
cellrelaxed_LLZO_001_Zr_code93_sto__Li_111_slab_heavy_T300_0155_strain+0.010_perturbed.cif,1044,-3126.9328594207764,-3115.617522249327,11.3153371714493,24.69857100412539,40.202941316277474,224.73535803892798
cellrelaxed_LLZO_001_Zr_code93_sto__Li_111_slab_heavy_T300_0155_strain+0.015_perturbed.cif,1044,-3129.4312477111816,-3118.1958347474897,11.235412963691942,24.926378908479784,40.99032221819401,331.44938073968865
cellrelaxed_LLZO_001_Zr_code93_sto__Li_111_slab_heavy_T300_0155_strain-0.010_perturbed.cif,1044,-3106.1503887176514,-3094.5408335146813,11.609555202970114,27.653728671160415,46.06906682624228,327.78425286623417
cellrelaxed_LLZO_001_Zr_code93_sto__Li_111_slab_heavy_T300_0155_strain-0.015_perturbed.cif,1044,-3097.940444946289,-3086.1989384154335,11.741506530855531,28.061156277313607,46.24313794394812,305.93649994921293
cellrelaxed_LLZO_001_Zr_code93_sto__Li_111_slab_heavy_T300_0178_strain+0.010_perturbed.cif,1044,-3149.658679962158,-3137.7481450063024,11.910534955855837,23.48103922871349,38.7732296726114,317.5705667008285
cellrelaxed_LLZO_001_Zr_code93_sto__Li_111_slab_heavy_T300_0178_strain+0.015_perturbed.cif,1044,-3152.9102325439453,-3141.0733571471656,11.83687539677976,23.08455326716138,37.81097726465912,315.12904039545964
cellrelaxed_LLZO_001_Zr_code93_sto__Li_111_slab_heavy_T300_0178_strain-0.010_perturbed.cif,1044,-3127.592086791992,-3115.2792953218377,12.31279147015448,26.076204288855,43.13270454944058,313.09248589015397
cellrelaxed_LLZO_001_Zr_code93_sto__Li_111_slab_heavy_T300_0178_strain-0.015_perturbed.cif,1044,-3119.353771209717,-3106.9727072492688,12.381063960448046,28.054734136171763,46.23816347707155,431.23598461133986
cellrelaxed_LLZO_001_Zr_code93_sto__Li_111_slab_heavy_T450_0010_strain+0.010_perturbed.cif,1044,-2971.0395336151123,-2959.8943469383007,11.14518667681159,35.83419958051503,52.788852669807206,274.3413786665427
cellrelaxed_LLZO_001_Zr_code93_sto__Li_111_slab_heavy_T450_0010_strain+0.015_perturbed.cif,1044,-2970.3073501586914,-2959.3303050656073,10.977045093084143,35.55865334815564,52.77330578311685,273.49733907197987
cellrelaxed_LLZO_001_Zr_code93_sto__Li_111_slab_heavy_T450_0010_strain-0.010_perturbed.cif,1044,-2959.047555923462,-2947.491376585384,11.556179338077982,37.32522731480781,56.05474131707301,312.4607566579531
cellrelaxed_LLZO_001_Zr_code93_sto__Li_111_slab_heavy_T450_0010_strain-0.015_perturbed.cif,1044,-2951.831579208374,-2940.219661043832,11.611918164542203,38.93510353064676,57.65176059732948,296.8111807118455
cellrelaxed_LLZO_001_Zr_code93_sto__Li_111_slab_heavy_T450_0066_strain+0.010_perturbed.cif,1044,-3016.157388687134,-3005.5611028064577,10.596285880676078,32.595940384408365,49.327820717790495,242.3148995823678
cellrelaxed_LLZO_001_Zr_code93_sto__Li_111_slab_heavy_T450_0066_strain+0.015_perturbed.cif,1044,-3017.8287029266357,-3007.294612380023,10.534090546612788,32.319515216544815,48.748189246148705,272.68320037698743
cellrelaxed_LLZO_001_Zr_code93_sto__Li_111_slab_heavy_T450_0066_strain-0.010_perturbed.cif,1044,-2996.155023574829,-2985.094279164845,11.060744409984181,35.83860907549349,55.22010391622794,343.194898629469
cellrelaxed_LLZO_001_Zr_code93_sto__Li_111_slab_heavy_T450_0066_strain-0.015_perturbed.cif,1044,-2987.136125564575,-2975.893582879424,11.24254268515142,37.50922665935769,57.60414903932361,348.09048977761586
cellrelaxed_LLZO_001_Zr_code93_sto__Li_111_slab_heavy_T450_0106_strain+0.010_perturbed.cif,1044,-3059.6117973327637,-3048.939969014121,10.671828318642838,27.950957027507876,44.141131328581,323.1629307994265
cellrelaxed_LLZO_001_Zr_code93_sto__Li_111_slab_heavy_T450_0106_strain+0.015_perturbed.cif,1044,-3062.0174407958984,-3051.4430746724815,10.574366123416894,27.763145146085552,43.90327672888284,296.2040892330588
cellrelaxed_LLZO_001_Zr_code93_sto__Li_111_slab_heavy_T450_0106_strain-0.010_perturbed.cif,1044,-3038.0725860595703,-3026.8813517389904,11.191234320579952,31.372581650625616,49.1854223069571,306.37665331355356
cellrelaxed_LLZO_001_Zr_code93_sto__Li_111_slab_heavy_T450_0106_strain-0.015_perturbed.cif,1044,-3029.132604598999,-3017.8493819950736,11.283222603925424,33.23315353854314,52.75416245635844,305.4337534332267
cellrelaxed_LLZO_001_Zr_code93_sto__Li_111_slab_heavy_T450_0119_strain+0.010_perturbed.cif,1044,-3072.441339492798,-3061.8305134167604,10.610826076037483,28.083572289925073,45.05932049838132,372.5301565446639
cellrelaxed_LLZO_001_Zr_code93_sto__Li_111_slab_heavy_T450_0119_strain+0.015_perturbed.cif,1044,-3074.7909545898438,-3064.236122866884,10.554831722959534,27.603661140528832,43.56004338792455,236.0573094799854
cellrelaxed_LLZO_001_Zr_code93_sto__Li_111_slab_heavy_T450_0119_strain-0.010_perturbed.cif,1044,-3052.116870880127,-3041.035933471635,11.080937408491991,30.846970422488738,49.75439097114428,445.130180133237
cellrelaxed_LLZO_001_Zr_code93_sto__Li_111_slab_heavy_T450_0119_strain-0.015_perturbed.cif,1044,-3043.607711791992,-3032.3884960532596,11.2192157387326,32.429807301404225,52.351963023160884,327.29194898219066
cellrelaxed_LLZO_001_Zr_code93_sto__Li_111_slab_heavy_T450_0129_strain+0.010_perturbed.cif,1044,-3083.9896202087402,-3073.2090898733263,10.780530335413914,27.716451641062726,44.37239425156624,321.70045692709505
cellrelaxed_LLZO_001_Zr_code93_sto__Li_111_slab_heavy_T450_0129_strain+0.015_perturbed.cif,1044,-3086.5602493286133,-3075.8539960859366,10.706253242676667,27.381983498864674,44.43746067998486,270.8191427004232
cellrelaxed_LLZO_001_Zr_code93_sto__Li_111_slab_heavy_T450_0129_strain-0.010_perturbed.cif,1044,-3062.105655670166,-3050.931777767344,11.173877902821914,30.792987239654114,48.36574748218241,293.67685477717555
cellrelaxed_LLZO_001_Zr_code93_sto__Li_111_slab_heavy_T450_0129_strain-0.015_perturbed.cif,1044,-3053.44557762146,-3042.1632327351467,11.28234488631324,32.778526862872,51.909751354877784,344.8960177900349
cellrelaxed_LLZO_001_Zr_code93_sto__Li_111_slab_heavy_T450_0144_strain+0.010_perturbed.cif,1044,-3100.736618041992,-3089.826788006886,10.909830035106097,27.001554773330014,43.74476826076073,302.8660133046788
cellrelaxed_LLZO_001_Zr_code93_sto__Li_111_slab_heavy_T450_0144_strain+0.015_perturbed.cif,1044,-3102.9157638549805,-3092.081477601914,10.834286253066693,26.294493694175276,42.698025946360325,246.77766439749013
cellrelaxed_LLZO_001_Zr_code93_sto__Li_111_slab_heavy_T450_0144_strain-0.010_perturbed.cif,1044,-3081.718683242798,-3070.370519391189,11.34816385160866,28.1594238915222,45.55883172648238,267.1105246653565
cellrelaxed_LLZO_001_Zr_code93_sto__Li_111_slab_heavy_T450_0144_strain-0.015_perturbed.cif,1044,-3074.0230083465576,-3062.5699535120966,11.453054834461,30.018787877878346,48.33735517681899,323.86750265755745
cellrelaxed_LLZO_001_Zr_code93_sto__Li_111_slab_heavy_T450_0146_strain+0.010_perturbed.cif,1044,-3103.2795906066895,-3092.320857843999,10.958732762690488,26.635695338283682,43.83954868035864,280.59825794084395
cellrelaxed_LLZO_001_Zr_code93_sto__Li_111_slab_heavy_T450_0146_strain+0.015_perturbed.cif,1044,-3105.5476665496826,-3094.6578642246814,10.889802325001256,26.594014559977964,43.602307633343884,343.091852352955
cellrelaxed_LLZO_001_Zr_code93_sto__Li_111_slab_heavy_T450_0146_strain-0.010_perturbed.cif,1044,-3083.9428901672363,-3072.6602700198496,11.282620147386751,29.02326509044674,46.8295057572436,281.90772139351543
cellrelaxed_LLZO_001_Zr_code93_sto__Li_111_slab_heavy_T450_0146_strain-0.015_perturbed.cif,1044,-3076.2996673583984,-3064.922556556015,11.377110802383413,30.0587815505307,48.52748755804659,305.9501834664384
cellrelaxed_LLZO_001_Zr_code93_sto__Li_111_slab_heavy_T450_0147_strain+0.010_perturbed.cif,1044,-3103.621006011963,-3092.6367131703473,10.98429284161557,25.606619571739852,41.94810829764351,292.60283336399584
cellrelaxed_LLZO_001_Zr_code93_sto__Li_111_slab_heavy_T450_0147_strain+0.015_perturbed.cif,1044,-3106.037139892578,-3095.165991970901,10.87114792167722,26.238829212532252,43.002673683808766,377.0551895368325
cellrelaxed_LLZO_001_Zr_code93_sto__Li_111_slab_heavy_T450_0147_strain-0.010_perturbed.cif,1044,-3083.7700366973877,-3072.401394180408,11.36864251697989,29.05985120569389,48.35656445769786,342.280881617125
cellrelaxed_LLZO_001_Zr_code93_sto__Li_111_slab_heavy_T450_0147_strain-0.015_perturbed.cif,1044,-3075.9191513061523,-3064.4376945794606,11.481456726691704,31.0017804463241,50.92798595290532,375.26212590070736
cellrelaxed_LLZO_001_Zr_code93_sto__Li_111_slab_heavy_T450_0159_strain+0.010_perturbed.cif,1044,-3120.7642555236816,-3109.2513467934427,11.512908730238905,25.491690429943155,42.93447811236322,390.52662046381226
cellrelaxed_LLZO_001_Zr_code93_sto__Li_111_slab_heavy_T450_0159_strain+0.015_perturbed.cif,1044,-3123.4047412872314,-3111.9745542426076,11.430187044623835,24.775445947047764,41.47931620038593,314.9930855701051
cellrelaxed_LLZO_001_Zr_code93_sto__Li_111_slab_heavy_T450_0159_strain-0.010_perturbed.cif,1044,-3100.3317832946777,-3088.5284852344225,11.803298060255202,28.356462627802046,48.683037052931354,586.9620403583845
cellrelaxed_LLZO_001_Zr_code93_sto__Li_111_slab_heavy_T450_0159_strain-0.015_perturbed.cif,1044,-3092.378616333008,-3080.536422516691,11.842193816316922,29.43119645507315,50.770616900227544,623.9241282234143
cellrelaxed_LLZO_010_La_order0_off__Li_111_slab_heavy_T300_0010_strain+0.010_perturbed.cif,996,-2949.3138790130615,-2937.880311872687,11.433567140374635,35.50508347467571,53.27213984803974,268.0543617193127
cellrelaxed_LLZO_010_La_order0_off__Li_111_slab_heavy_T300_0010_strain+0.015_perturbed.cif,996,-2948.0957984924316,-2936.9053613750057,11.190437117425972,35.99377359113392,54.25371980818557,249.78253513482332
cellrelaxed_LLZO_010_La_order0_off__Li_111_slab_heavy_T300_0010_strain-0.010_perturbed.cif,996,-2938.351631164551,-2926.4714270422232,11.880204122327541,36.35069337122704,54.594835373210536,285.83276543482435
cellrelaxed_LLZO_010_La_order0_off__Li_111_slab_heavy_T300_0010_strain-0.015_perturbed.cif,996,-2931.1952590942383,-2919.2196083914682,11.975650702770054,38.894729736513405,58.649372088984904,326.8316377196022
cellrelaxed_LLZO_010_La_order0_off__Li_111_slab_heavy_T300_0023_strain+0.010_perturbed.cif,996,-2954.9810886383057,-2943.64878911838,11.332299519925527,33.65828089485372,50.0150586350657,231.54345720573406
cellrelaxed_LLZO_010_La_order0_off__Li_111_slab_heavy_T300_0023_strain+0.015_perturbed.cif,996,-2954.5507431030273,-2943.3374994270894,11.213243675937974,34.42570430760761,51.957187287321325,299.0459355078069
cellrelaxed_LLZO_010_La_order0_off__Li_111_slab_heavy_T300_0023_strain-0.010_perturbed.cif,996,-2942.300319671631,-2930.552032914683,11.748286756947891,36.360176038907895,55.662196551571526,307.3440515837623
cellrelaxed_LLZO_010_La_order0_off__Li_111_slab_heavy_T300_0023_strain-0.015_perturbed.cif,996,-2934.847354888916,-2923.000519603678,11.84683528523783,38.032381081517954,59.19759637689173,323.0924191877541
cellrelaxed_LLZO_010_La_order0_off__Li_111_slab_heavy_T300_0078_strain+0.010_perturbed.cif,996,-3006.3836574554443,-2994.988973743617,11.394683711827383,29.89949793655009,46.25102734643305,242.49121482698337
cellrelaxed_LLZO_010_La_order0_off__Li_111_slab_heavy_T300_0078_strain+0.015_perturbed.cif,996,-3007.9312324523926,-2996.66952367591,11.261708776482465,29.800389714108416,46.20211850153546,251.3786404446271
cellrelaxed_LLZO_010_La_order0_off__Li_111_slab_heavy_T300_0078_strain-0.010_perturbed.cif,996,-2987.408399581909,-2975.6538320483423,11.754567533566842,31.853634224246193,48.70465892330581,291.67449014133956
cellrelaxed_LLZO_010_La_order0_off__Li_111_slab_heavy_T300_0078_strain-0.015_perturbed.cif,996,-2978.8713455200195,-2967.0154850716785,11.85586044834099,33.77179976873896,51.86008635311318,299.33884482539247
cellrelaxed_LLZO_010_La_order0_off__Li_111_slab_heavy_T300_0092_strain+0.010_perturbed.cif,996,-3024.4760513305664,-3013.1796821065896,11.296369223976853,28.775197661448555,44.938082769277194,270.54264270658956
cellrelaxed_LLZO_010_La_order0_off__Li_111_slab_heavy_T300_0092_strain+0.015_perturbed.cif,996,-3026.2951850891113,-3015.1256641902987,11.169520898812607,28.72331834264908,44.41605187248171,242.54909458611624
cellrelaxed_LLZO_010_La_order0_off__Li_111_slab_heavy_T300_0092_strain-0.010_perturbed.cif,996,-3004.1613578796387,-2992.3833062128097,11.778051666829015,32.3110008676219,51.50791181486187,332.4249003139279
cellrelaxed_LLZO_010_La_order0_off__Li_111_slab_heavy_T300_0092_strain-0.015_perturbed.cif,996,-2995.5029487609863,-2983.554493726711,11.948455034275412,32.81684442217408,52.39228356747853,329.02787012719585
cellrelaxed_LLZO_010_La_order0_off__Li_111_slab_heavy_T300_0107_strain+0.010_perturbed.cif,996,-3042.0432090759277,-3030.9828811118955,11.06032796403224,27.523933954657416,43.1253589886844,232.5478727455358
cellrelaxed_LLZO_010_La_order0_off__Li_111_slab_heavy_T300_0107_strain+0.015_perturbed.cif,996,-3044.1904067993164,-3033.190814363859,10.999592435457544,26.751477147118703,41.74063316428047,211.72643472005325
cellrelaxed_LLZO_010_La_order0_off__Li_111_slab_heavy_T300_0107_strain-0.010_perturbed.cif,996,-3021.418333053589,-3009.9330025629924,11.485330490596425,30.885884581097333,48.64508639838712,415.07435729933366
cellrelaxed_LLZO_010_La_order0_off__Li_111_slab_heavy_T300_0107_strain-0.015_perturbed.cif,996,-3012.828826904297,-3001.2017021187226,11.627124785574324,32.38480069745286,51.24466961733446,431.81554546411235
cellrelaxed_LLZO_010_La_order0_off__Li_111_slab_heavy_T300_0114_strain+0.010_perturbed.cif,996,-3052.1326065063477,-3041.0783413122504,11.054265194097297,26.205894615016483,41.186431879633346,258.128166694353
cellrelaxed_LLZO_010_La_order0_off__Li_111_slab_heavy_T300_0114_strain+0.015_perturbed.cif,996,-3054.3107986450195,-3043.347000410623,10.963798234396563,26.57586819738268,42.87683602787016,323.5845177424544
cellrelaxed_LLZO_010_La_order0_off__Li_111_slab_heavy_T300_0114_strain-0.010_perturbed.cif,996,-3031.808614730835,-3020.0915470245727,11.717067706262242,30.190805503806896,49.28937158199842,385.63974457106815
cellrelaxed_LLZO_010_La_order0_off__Li_111_slab_heavy_T300_0114_strain-0.015_perturbed.cif,996,-3023.3168601989746,-3011.4325588444217,11.884301354552917,31.614693472694448,51.50866418082428,416.59441700059983
cellrelaxed_LLZO_010_La_order0_off__Li_111_slab_heavy_T300_0127_strain+0.010_perturbed.cif,996,-3069.3821907043457,-3058.3045051151926,11.077685589153134,25.227677215162984,40.51122800465546,235.35776668222002
cellrelaxed_LLZO_010_La_order0_off__Li_111_slab_heavy_T300_0127_strain+0.015_perturbed.cif,996,-3071.3512897491455,-3060.3688889062482,10.982400842897277,24.756976371812573,39.84265569691048,242.67934193868024
cellrelaxed_LLZO_010_La_order0_off__Li_111_slab_heavy_T300_0127_strain-0.010_perturbed.cif,996,-3050.471544265747,-3038.9810348604947,11.490509405252396,27.06486592330441,43.41783948660582,243.92091059447927
cellrelaxed_LLZO_010_La_order0_off__Li_111_slab_heavy_T300_0127_strain-0.015_perturbed.cif,996,-3042.675733566284,-3031.034794591772,11.64093897451221,28.110528202935324,45.450759855941605,326.01528901839515
cellrelaxed_LLZO_010_La_order0_off__Li_111_slab_heavy_T300_0134_strain+0.010_perturbed.cif,996,-3076.2898921966553,-3065.2083414136882,11.081550782967042,26.234324167329927,43.36930344552117,476.569885079668
cellrelaxed_LLZO_010_La_order0_off__Li_111_slab_heavy_T300_0134_strain+0.015_perturbed.cif,996,-3078.6309242248535,-3067.640560681826,10.990363543027343,26.34728709265067,43.29451452690986,354.50219758117737
cellrelaxed_LLZO_010_La_order0_off__Li_111_slab_heavy_T300_0134_strain-0.010_perturbed.cif,996,-3057.020664215088,-3045.47480634546,11.54585786962798,27.269120747061994,44.106816821415414,325.13243908565477
cellrelaxed_LLZO_010_La_order0_off__Li_111_slab_heavy_T300_0134_strain-0.015_perturbed.cif,996,-3049.2584705352783,-3037.528327789476,11.730142745802368,28.232196588235126,45.46105889771886,319.7091675442021
cellrelaxed_LLZO_010_La_order0_off__Li_111_slab_heavy_T300_0136_strain+0.010_perturbed.cif,996,-3076.975107192993,-3065.9926842216005,10.98242297139268,25.02646172484325,39.08524031587189,242.99419155601163
cellrelaxed_LLZO_010_La_order0_off__Li_111_slab_heavy_T300_0136_strain+0.015_perturbed.cif,996,-3079.1406631469727,-3068.2758299398224,10.864833207150241,24.654984799862998,38.90581583211214,242.95644975709683
cellrelaxed_LLZO_010_La_order0_off__Li_111_slab_heavy_T300_0136_strain-0.010_perturbed.cif,996,-3058.2022666931152,-3046.6150219506517,11.587244742463554,28.166023344741323,45.566887790415954,289.17308263709685
cellrelaxed_LLZO_010_La_order0_off__Li_111_slab_heavy_T300_0136_strain-0.015_perturbed.cif,996,-3050.586462020874,-3038.8174825669976,11.768979453876454,29.607266379369776,48.1809468444869,359.4911935996081
cellrelaxed_LLZO_010_La_order0_off__Li_111_slab_heavy_T300_0142_strain+0.010_perturbed.cif,996,-3087.05997467041,-3076.0391878907267,11.020786779683476,24.551321018287126,39.9141557402752,317.0267778827056
cellrelaxed_LLZO_010_La_order0_off__Li_111_slab_heavy_T300_0142_strain+0.015_perturbed.cif,996,-3089.531421661377,-3078.6234244954258,10.907997165951201,24.883793679755502,40.361176842838546,274.23634134504346
cellrelaxed_LLZO_010_La_order0_off__Li_111_slab_heavy_T300_0142_strain-0.010_perturbed.cif,996,-3066.5974617004395,-3055.0812026343206,11.516259066118891,25.88068950453624,41.43252501276624,292.78474032115946
cellrelaxed_LLZO_010_La_order0_off__Li_111_slab_heavy_T300_0142_strain-0.015_perturbed.cif,996,-3058.4800243377686,-3046.7823125491195,11.69771178864903,26.97605571338995,43.31884829132102,358.9788763855154
cellrelaxed_LLZO_010_La_order0_off__Li_111_slab_heavy_T300_0153_strain+0.010_perturbed.cif,996,-3099.5655059814453,-3088.1154664589208,11.450039522524548,23.703759916309586,38.7810699694441,275.01844743836745
cellrelaxed_LLZO_010_La_order0_off__Li_111_slab_heavy_T300_0153_strain+0.015_perturbed.cif,996,-3102.0073890686035,-3090.659865508888,11.347523559715682,23.22787710900376,37.539783882030896,266.1094966298241
cellrelaxed_LLZO_010_La_order0_off__Li_111_slab_heavy_T300_0153_strain-0.010_perturbed.cif,996,-3080.0182819366455,-3068.0870048275256,11.931277109119947,26.725315142502147,44.06980637365114,311.4922692659405
cellrelaxed_LLZO_010_La_order0_off__Li_111_slab_heavy_T300_0153_strain-0.015_perturbed.cif,996,-3072.248697280884,-3060.1660290897316,12.082668191152152,27.834433049095786,46.643234611542645,357.518278217552
cellrelaxed_LLZO_010_La_order0_off__Li_111_slab_heavy_T300_0165_strain+0.010_perturbed.cif,996,-3115.461587905884,-3103.9231631059897,11.538424799894074,23.37846958087584,38.041932659757684,306.8697840471212
cellrelaxed_LLZO_010_La_order0_off__Li_111_slab_heavy_T300_0165_strain+0.015_perturbed.cif,996,-3118.1626319885254,-3106.709591720588,11.453040267937467,23.766652731875986,39.23925542318864,238.02826504589308
cellrelaxed_LLZO_010_La_order0_off__Li_111_slab_heavy_T300_0165_strain-0.010_perturbed.cif,996,-3095.1359272003174,-3083.2401408480073,11.895786352310097,25.28443194647715,43.21793593489136,377.44484406908805
cellrelaxed_LLZO_010_La_order0_off__Li_111_slab_heavy_T300_0165_strain-0.015_perturbed.cif,996,-3087.4180793762207,-3075.4319281627854,11.986151213435278,26.257750997292405,45.82253883613541,408.9732543282221
cellrelaxed_LLZO_010_La_order0_off__Li_111_slab_heavy_T300_0186_strain+0.010_perturbed.cif,996,-3136.357545852661,-3124.489417843075,11.868128009586144,24.046042999193578,39.716822722222176,302.2964901507153
cellrelaxed_LLZO_010_La_order0_off__Li_111_slab_heavy_T300_0186_strain+0.015_perturbed.cif,996,-3140.443801879883,-3128.6721849243904,11.77161695549239,23.981279719181348,40.23892926948065,293.51172201259624
cellrelaxed_LLZO_010_La_order0_off__Li_111_slab_heavy_T300_0186_strain-0.010_perturbed.cif,996,-3111.527442932129,-3099.3003462869992,12.227096645129677,25.721068561564117,42.21169462424521,448.8593946496877
cellrelaxed_LLZO_010_La_order0_off__Li_111_slab_heavy_T300_0186_strain-0.015_perturbed.cif,996,-3102.94508934021,-3090.6539404909477,12.2911488492623,26.205044654458547,42.52203369557602,332.02111117169704
cellrelaxed_LLZO_010_La_order0_off__Li_111_slab_heavy_T450_0005_strain+0.010_perturbed.cif,996,-2933.24875831604,-2922.165592088262,11.083166227777838,36.7863174500419,55.24820232068549,279.1780497008105
cellrelaxed_LLZO_010_La_order0_off__Li_111_slab_heavy_T450_0005_strain+0.015_perturbed.cif,996,-2931.9944381713867,-2921.1289679890956,10.86547018229112,37.33248853474439,56.216907772317334,297.7879482930581
cellrelaxed_LLZO_010_La_order0_off__Li_111_slab_heavy_T450_0005_strain-0.010_perturbed.cif,996,-2923.9282608032227,-2912.2475452179247,11.680715585298003,37.63117042402523,56.18944853808674,264.9190915648636
cellrelaxed_LLZO_010_La_order0_off__Li_111_slab_heavy_T450_0005_strain-0.015_perturbed.cif,996,-2917.161226272583,-2905.426118652973,11.735107619610062,39.22788763988225,59.2244750450109,292.22293138524157
cellrelaxed_LLZO_010_La_order0_off__Li_111_slab_heavy_T450_0024_strain+0.010_perturbed.cif,996,-2944.8697566986084,-2933.6112267650988,11.258529933509635,33.63231402888358,50.46766246904519,253.76836360251218
cellrelaxed_LLZO_010_La_order0_off__Li_111_slab_heavy_T450_0024_strain+0.015_perturbed.cif,996,-2944.868803024292,-2933.749722968074,11.119080056218081,34.43586170809455,52.3565342358191,337.5293164312242
cellrelaxed_LLZO_010_La_order0_off__Li_111_slab_heavy_T450_0024_strain-0.010_perturbed.cif,996,-2931.4017295837402,-2919.5856132515237,11.816116332216552,37.34752914606669,56.69222223942185,312.5422784308048
cellrelaxed_LLZO_010_La_order0_off__Li_111_slab_heavy_T450_0024_strain-0.015_perturbed.cif,996,-2923.9284992218018,-2911.962787023978,11.965712197823905,39.19696187011963,60.10295719196099,339.15204509241704
cellrelaxed_LLZO_010_La_order0_off__Li_111_slab_heavy_T450_0028_strain+0.010_perturbed.cif,996,-2948.3964443206787,-2936.9747208357844,11.4217234848943,34.467495769910684,50.865460156356136,252.2463527852197
cellrelaxed_LLZO_010_La_order0_off__Li_111_slab_heavy_T450_0028_strain+0.015_perturbed.cif,996,-2948.3375549316406,-2937.0085895550064,11.328965376634187,34.251204894596626,51.13087583165863,233.33010652101098
cellrelaxed_LLZO_010_La_order0_off__Li_111_slab_heavy_T450_0028_strain-0.010_perturbed.cif,996,-2934.6752166748047,-2923.067302864041,11.607913810763876,35.60997595742154,53.826556345872106,286.3488556091063
cellrelaxed_LLZO_010_La_order0_off__Li_111_slab_heavy_T450_0028_strain-0.015_perturbed.cif,996,-2927.2241592407227,-2915.5165025725705,11.70765666815214,38.092254862017256,58.17898968150122,320.95465369702424
cellrelaxed_LLZO_010_La_order0_off__Li_111_slab_heavy_T450_0029_strain+0.010_perturbed.cif,996,-2949.265956878662,-2937.8216154630254,11.4443414156367,33.57708049967197,50.89938560893979,263.6334856734861
cellrelaxed_LLZO_010_La_order0_off__Li_111_slab_heavy_T450_0029_strain+0.015_perturbed.cif,996,-2949.310779571533,-2937.9537981033914,11.35698146814184,33.517157965637615,50.72418793211222,229.09019549915067
cellrelaxed_LLZO_010_La_order0_off__Li_111_slab_heavy_T450_0029_strain-0.010_perturbed.cif,996,-2935.3253841400146,-2923.7052602952335,11.62012384478112,35.0660672933025,52.605044074607044,264.5178568889514
cellrelaxed_LLZO_010_La_order0_off__Li_111_slab_heavy_T450_0029_strain-0.015_perturbed.cif,996,-2927.8719425201416,-2916.1596571769237,11.7122853432179,37.8443886889341,57.297175934831635,280.47827000374934
cellrelaxed_LLZO_010_La_order0_off__Li_111_slab_heavy_T450_0064_strain+0.010_perturbed.cif,996,-2984.875202178955,-2973.6112242195327,11.263977959422391,31.860171348352022,49.38891509378731,282.50397618091006
cellrelaxed_LLZO_010_La_order0_off__Li_111_slab_heavy_T450_0064_strain+0.015_perturbed.cif,996,-2986.2208366394043,-2975.0455728549477,11.175263784456547,31.6612710665924,49.76231300838184,324.11563111452966
cellrelaxed_LLZO_010_La_order0_off__Li_111_slab_heavy_T450_0064_strain-0.010_perturbed.cif,996,-2966.221332550049,-2954.5535416547214,11.667790895327471,34.262238469651905,52.61219391039592,331.13704955548263
cellrelaxed_LLZO_010_La_order0_off__Li_111_slab_heavy_T450_0064_strain-0.015_perturbed.cif,996,-2957.972526550293,-2946.108444233614,11.864082316678832,36.26931772733304,55.34852527858145,338.0598093738656
cellrelaxed_LLZO_010_La_order0_off__Li_111_slab_heavy_T450_0098_strain+0.010_perturbed.cif,996,-3025.287866592407,-3014.187424521915,11.100442070492136,28.312565264396778,45.29791689280189,329.3629643062213
cellrelaxed_LLZO_010_La_order0_off__Li_111_slab_heavy_T450_0098_strain+0.015_perturbed.cif,996,-3027.416944503784,-3016.3488043586135,11.068140145170673,27.686389803086676,44.34094590879882,413.477034918526
cellrelaxed_LLZO_010_La_order0_off__Li_111_slab_heavy_T450_0098_strain-0.010_perturbed.cif,996,-3004.347562789917,-2992.937908407072,11.40965438284502,30.84289693656103,48.467117978196896,324.1611977392723
cellrelaxed_LLZO_010_La_order0_off__Li_111_slab_heavy_T450_0098_strain-0.015_perturbed.cif,996,-2995.375156402588,-2983.889956230996,11.485200171591714,32.62343246482088,51.22855609621891,402.2371464347775
cellrelaxed_LLZO_010_La_order0_off__Li_111_slab_heavy_T450_0146_strain+0.010_perturbed.cif,996,-3081.0606479644775,-3070.1391821764323,10.921465788045225,24.810508596342927,40.54011492655068,283.29453898823806
cellrelaxed_LLZO_010_La_order0_off__Li_111_slab_heavy_T450_0146_strain+0.015_perturbed.cif,996,-3083.378553390503,-3072.533060974922,10.845492415580793,25.168766914145714,40.31946286915392,242.9263426648175
cellrelaxed_LLZO_010_La_order0_off__Li_111_slab_heavy_T450_0146_strain-0.010_perturbed.cif,996,-3061.8746280670166,-3050.560984760289,11.3136433067275,28.5036682684753,46.84516589684947,420.8764309968027
cellrelaxed_LLZO_010_La_order0_off__Li_111_slab_heavy_T450_0146_strain-0.015_perturbed.cif,996,-3054.2244911193848,-3042.809483910776,11.415007208608586,29.760367352230723,49.03497142284222,359.20919776861547
cellrelaxed_LLZO_010_La_order0_off__Li_111_slab_heavy_T450_0163_strain+0.010_perturbed.cif,996,-3100.5513668060303,-3089.2619101058767,11.28945670015355,25.1824830209719,42.42805213333332,257.7743094863661
cellrelaxed_LLZO_010_La_order0_off__Li_111_slab_heavy_T450_0163_strain+0.015_perturbed.cif,996,-3103.376626968384,-3092.171892064942,11.204734903441931,24.953608044520156,41.89108715756439,265.39972108698305
cellrelaxed_LLZO_010_La_order0_off__Li_111_slab_heavy_T450_0163_strain-0.010_perturbed.cif,996,-3079.8473358154297,-3068.3311549147184,11.516180900711333,27.646306013996732,45.84582184744542,362.98914397667374
cellrelaxed_LLZO_010_La_order0_off__Li_111_slab_heavy_T450_0163_strain-0.015_perturbed.cif,996,-3072.1850395202637,-3060.607358620137,11.57768090012678,28.88221108957316,48.255466618204444,338.36608555573093
cellrelaxed_LLZO_010_La_order0_off__Li_111_slab_heavy_T450_0166_strain+0.010_perturbed.cif,996,-3104.0635108947754,-3092.8029479696434,11.260562925132035,23.555249032616548,39.00459847230334,295.45885042136206
cellrelaxed_LLZO_010_La_order0_off__Li_111_slab_heavy_T450_0166_strain+0.015_perturbed.cif,996,-3106.948137283325,-3095.7531158163174,11.195021467007791,23.071305584849025,38.61961070139034,317.43101378702636
cellrelaxed_LLZO_010_La_order0_off__Li_111_slab_heavy_T450_0166_strain-0.010_perturbed.cif,996,-3083.2817554473877,-3071.7916029693497,11.490152478037999,26.22877323484929,43.62990949117361,341.51139483723136
cellrelaxed_LLZO_010_La_order0_off__Li_111_slab_heavy_T450_0166_strain-0.015_perturbed.cif,996,-3075.557231903076,-3064.056480099563,11.50075180351314,27.95579624607331,46.21676542948079,358.255894539378
cellrelaxed_LLZO_010_Li_order0_off__Li_111_slab_heavy_T300_0007_strain+0.010_perturbed.cif,908,-3063.9448165893555,-3054.5318767399935,9.41293984936192,28.31002583602794,44.746199325439214,255.67432119199844
cellrelaxed_LLZO_010_Li_order0_off__Li_111_slab_heavy_T300_0007_strain+0.015_perturbed.cif,908,-3063.6773109436035,-3054.296854118463,9.3804568251403,29.080604200024858,45.451508226922684,264.0912654214618
cellrelaxed_LLZO_010_Li_order0_off__Li_111_slab_heavy_T300_0007_strain-0.010_perturbed.cif,908,-3051.612615585327,-3041.945707574283,9.666908011044143,30.949660479045306,48.45675486541845,268.6728325274238
cellrelaxed_LLZO_010_Li_order0_off__Li_111_slab_heavy_T300_0007_strain-0.015_perturbed.cif,908,-3044.7208881378174,-3034.869372150595,9.851515987222228,33.828660548959554,53.12366127400544,269.9175465814997
cellrelaxed_LLZO_010_Li_order0_off__Li_111_slab_heavy_T300_0042_strain+0.010_perturbed.cif,908,-3085.602283477783,-3076.385966737525,9.216316740258208,27.192496767852834,42.681254088019166,270.6362379613306
cellrelaxed_LLZO_010_Li_order0_off__Li_111_slab_heavy_T300_0042_strain+0.015_perturbed.cif,908,-3086.2317085266113,-3077.087513582308,9.144194944303308,27.73708055552033,43.35985819694575,265.78339333230116
cellrelaxed_LLZO_010_Li_order0_off__Li_111_slab_heavy_T300_0042_strain-0.010_perturbed.cif,908,-3070.390224456787,-3060.886833272929,9.503391183858184,30.32331855120381,48.6480517082387,306.9820645057049
cellrelaxed_LLZO_010_Li_order0_off__Li_111_slab_heavy_T300_0042_strain-0.015_perturbed.cif,908,-3063.0545616149902,-3053.3718637695974,9.682697845392795,31.72086296756867,50.61173380114982,360.0779101288159
cellrelaxed_LLZO_010_Li_order0_off__Li_111_slab_heavy_T300_0045_strain+0.010_perturbed.cif,908,-3087.6030921936035,-3078.503632958771,9.099459234832466,27.65222624389538,42.764112300468625,257.75237746388746
cellrelaxed_LLZO_010_Li_order0_off__Li_111_slab_heavy_T300_0045_strain+0.015_perturbed.cif,908,-3088.5367393493652,-3079.493570852551,9.04316849681436,27.047959664189996,42.05657662612637,279.73894687276834
cellrelaxed_LLZO_010_Li_order0_off__Li_111_slab_heavy_T300_0045_strain-0.010_perturbed.cif,908,-3071.7825889587402,-3062.226725014048,9.555863944692192,29.201863907844146,46.35336713629934,257.7487039388822
cellrelaxed_LLZO_010_Li_order0_off__Li_111_slab_heavy_T300_0045_strain-0.015_perturbed.cif,908,-3064.333915710449,-3054.528595119897,9.805320590552128,31.567986479961398,50.39336028088251,317.6607202544699
cellrelaxed_LLZO_010_Li_order0_off__Li_111_slab_heavy_T300_0059_strain+0.010_perturbed.cif,908,-3098.9062786102295,-3089.726399149486,9.17987946074345,26.502236964840304,42.041933619116506,258.14978537629236
cellrelaxed_LLZO_010_Li_order0_off__Li_111_slab_heavy_T300_0059_strain+0.015_perturbed.cif,908,-3100.1992225646973,-3091.098372483866,9.100850080831151,26.66724800204196,43.12785791493683,263.05853012557134
cellrelaxed_LLZO_010_Li_order0_off__Li_111_slab_heavy_T300_0059_strain-0.010_perturbed.cif,908,-3081.779956817627,-3072.264810507669,9.5151463099578,29.002601102411607,46.89721427159851,330.6148102703297
cellrelaxed_LLZO_010_Li_order0_off__Li_111_slab_heavy_T300_0059_strain-0.015_perturbed.cif,908,-3074.0554332733154,-3064.3536398556016,9.701793417713816,31.24734382939092,50.18952074702792,285.7307369344584
cellrelaxed_LLZO_010_Li_order0_off__Li_111_slab_heavy_T300_0095_strain+0.010_perturbed.cif,908,-3135.0631713867188,-3125.982822938908,9.080348447810593,24.398104345932992,38.968453255305995,236.88484124649347
cellrelaxed_LLZO_010_Li_order0_off__Li_111_slab_heavy_T300_0095_strain+0.015_perturbed.cif,908,-3137.183666229248,-3128.123816141046,9.059850088201983,24.519057369854746,39.421035922221364,226.38387208641763
cellrelaxed_LLZO_010_Li_order0_off__Li_111_slab_heavy_T300_0095_strain-0.010_perturbed.cif,908,-3116.0483360290527,-3106.768026213488,9.280309815564578,27.224881036498022,44.854581878313994,301.0356663680738
cellrelaxed_LLZO_010_Li_order0_off__Li_111_slab_heavy_T300_0095_strain-0.015_perturbed.cif,908,-3108.265161514282,-3098.882971807716,9.38218970656635,28.593360244796674,46.9337386559188,264.1548818494002
cellrelaxed_LLZO_010_Li_order0_off__Li_111_slab_heavy_T300_0097_strain+0.010_perturbed.cif,908,-3136.892795562744,-3127.814644716388,9.078150846356039,23.93574005284583,38.537622728320315,244.3888727582078
cellrelaxed_LLZO_010_Li_order0_off__Li_111_slab_heavy_T300_0097_strain+0.015_perturbed.cif,908,-3138.7312412261963,-3129.69263646097,9.03860476522641,23.43335192158022,37.81697411948857,251.8456251818285
cellrelaxed_LLZO_010_Li_order0_off__Li_111_slab_heavy_T300_0097_strain-0.010_perturbed.cif,908,-3118.767261505127,-3109.495695443959,9.27156606116796,25.731619893611416,41.47673072479683,274.012407175953
cellrelaxed_LLZO_010_Li_order0_off__Li_111_slab_heavy_T300_0097_strain-0.015_perturbed.cif,908,-3111.4394664764404,-3102.0581044677797,9.381362008660744,27.608806386706473,45.07196306466767,330.2123284972894
cellrelaxed_LLZO_010_Li_order0_off__Li_111_slab_heavy_T300_0103_strain+0.010_perturbed.cif,908,-3143.3374881744385,-3134.509396882099,8.82809129233965,23.9870687161691,40.157559230287134,237.57701304749156
cellrelaxed_LLZO_010_Li_order0_off__Li_111_slab_heavy_T300_0103_strain+0.015_perturbed.cif,908,-3145.6987857818604,-3136.9527314120587,8.74605436980164,24.116693065102588,40.40622293532094,240.34901680527932
cellrelaxed_LLZO_010_Li_order0_off__Li_111_slab_heavy_T300_0103_strain-0.010_perturbed.cif,908,-3123.5032081604004,-3114.2062057828743,9.297002377526042,25.77511098081482,41.21137800307063,323.1534685972788
cellrelaxed_LLZO_010_Li_order0_off__Li_111_slab_heavy_T300_0103_strain-0.015_perturbed.cif,908,-3115.57674407959,-3106.1253851602837,9.45135891930613,28.018194035748962,45.21201836335021,291.9040523018788
cellrelaxed_LLZO_010_Li_order0_off__Li_111_slab_heavy_T300_0113_strain+0.010_perturbed.cif,908,-3156.2094688415527,-3147.176183674778,9.033285166774931,23.185079776041654,38.999578628970546,340.11486919557797
cellrelaxed_LLZO_010_Li_order0_off__Li_111_slab_heavy_T300_0113_strain+0.015_perturbed.cif,908,-3158.3871841430664,-3149.413715074274,8.973469068792383,22.774288082509955,38.27979282427355,237.77117339946204
cellrelaxed_LLZO_010_Li_order0_off__Li_111_slab_heavy_T300_0113_strain-0.010_perturbed.cif,908,-3137.4194622039795,-3128.0457373807017,9.373724823277826,26.83321453988164,45.60549136656607,366.4172600026209
cellrelaxed_LLZO_010_Li_order0_off__Li_111_slab_heavy_T300_0113_strain-0.015_perturbed.cif,908,-3129.901647567749,-3120.3874556389333,9.514191928815762,28.239459427518618,48.21688811207436,427.5921138330102
cellrelaxed_LLZO_010_Li_order0_off__Li_111_slab_heavy_T300_0134_strain+0.010_perturbed.cif,908,-3182.5661659240723,-3173.599671838644,8.966494085428167,20.937986263922394,34.32873411216164,243.07729268227416
cellrelaxed_LLZO_010_Li_order0_off__Li_111_slab_heavy_T300_0134_strain+0.015_perturbed.cif,908,-3185.3690147399902,-3176.456407078702,8.912607661288348,20.751859698303754,34.273278968484924,263.932793096626
cellrelaxed_LLZO_010_Li_order0_off__Li_111_slab_heavy_T300_0134_strain-0.010_perturbed.cif,908,-3162.9462242126465,-3153.552620146859,9.393604065787258,23.48167698137499,40.163907350066985,350.6184408098586
cellrelaxed_LLZO_010_Li_order0_off__Li_111_slab_heavy_T300_0134_strain-0.015_perturbed.cif,908,-3155.5142402648926,-3145.9585541929723,9.555686071920263,24.56904757668391,41.95024700620291,365.29898258506074
cellrelaxed_LLZO_010_Li_order0_off__Li_111_slab_heavy_T300_0158_strain-0.010_perturbed.cif,908,-3207.6807022094727,-3197.935603667836,9.745098541636708,20.78750455939618,34.222695469054884,261.7286324123827
cellrelaxed_LLZO_010_Li_order0_off__Li_111_slab_heavy_T300_0158_strain-0.015_perturbed.cif,908,-3199.885606765747,-3190.0347900452653,9.850816720481816,21.964327042798203,37.80488437026675,453.9182734764929
cellrelaxed_LLZO_010_Li_order0_off__Li_111_slab_heavy_T300_0168_strain-0.015_perturbed.cif,908,-3218.1687355041504,-3208.5884126247943,9.580322879356117,19.80362323395542,30.933284417175962,312.8296905695139
cellrelaxed_LLZO_010_Li_order0_off__Li_111_slab_heavy_T450_0042_strain+0.010_perturbed.cif,908,-3076.244831085205,-3067.2569302578227,8.987900827382418,28.463937321328984,43.98789206673151,275.7385215671652
cellrelaxed_LLZO_010_Li_order0_off__Li_111_slab_heavy_T450_0042_strain+0.015_perturbed.cif,908,-3077.380657196045,-3068.458322344684,8.922334851361029,28.596773958327617,44.406527473636416,283.87634430947026
cellrelaxed_LLZO_010_Li_order0_off__Li_111_slab_heavy_T450_0042_strain-0.010_perturbed.cif,908,-3059.826374053955,-3050.260631990636,9.565742063319249,31.801897468307512,49.32968260965776,294.84349911905525
cellrelaxed_LLZO_010_Li_order0_off__Li_111_slab_heavy_T450_0042_strain-0.015_perturbed.cif,908,-3052.2758960723877,-3042.449000445988,9.826895626399619,33.96082177273187,52.90397922387927,274.32196421627214
cellrelaxed_LLZO_010_Li_order0_off__Li_111_slab_heavy_T450_0062_strain+0.010_perturbed.cif,908,-3096.6901779174805,-3087.8318812811144,8.858296636366049,26.8649845051231,43.035183968998126,393.0170740573855
cellrelaxed_LLZO_010_Li_order0_off__Li_111_slab_heavy_T450_0062_strain+0.015_perturbed.cif,908,-3098.1106758117676,-3089.3112675760312,8.799408235736337,26.935975454186284,43.03631316561923,308.2379848969527
cellrelaxed_LLZO_010_Li_order0_off__Li_111_slab_heavy_T450_0062_strain-0.010_perturbed.cif,908,-3079.023599624634,-3069.5806391816236,9.442960443010179,30.987408938751383,51.22286096663975,300.46476370752214
cellrelaxed_LLZO_010_Li_order0_off__Li_111_slab_heavy_T450_0062_strain-0.015_perturbed.cif,908,-3071.287155151367,-3061.616621646578,9.670533504789091,32.44108251979941,53.36942775701035,360.5279203350158
cellrelaxed_LLZO_010_Li_order0_off__Li_111_slab_heavy_T450_0068_strain+0.010_perturbed.cif,908,-3101.079225540161,-3092.4727447869245,8.60648075323661,26.55218667333971,41.05589106366208,273.5233591695006
cellrelaxed_LLZO_010_Li_order0_off__Li_111_slab_heavy_T450_0068_strain+0.015_perturbed.cif,908,-3102.8363704681396,-3094.2427411648273,8.593629303312355,26.321392700999134,40.98315559068591,360.40509660330684
cellrelaxed_LLZO_010_Li_order0_off__Li_111_slab_heavy_T450_0068_strain-0.010_perturbed.cif,908,-3082.796573638916,-3073.840098908869,8.95647473004692,30.346034113238,48.376672290304185,306.50323603691163
cellrelaxed_LLZO_010_Li_order0_off__Li_111_slab_heavy_T450_0068_strain-0.015_perturbed.cif,908,-3074.9447345733643,-3065.7812232338624,9.163511339501838,31.382984708053026,49.49816819102594,322.40786705479877
cellrelaxed_LLZO_010_Li_order0_off__Li_111_slab_heavy_T450_0107_strain+0.010_perturbed.cif,908,-3144.2642211914062,-3135.3067452486284,8.957475942777819,25.206753275627914,41.93045295696052,335.6839220142533
cellrelaxed_LLZO_010_Li_order0_off__Li_111_slab_heavy_T450_0107_strain+0.015_perturbed.cif,908,-3146.942138671875,-3138.068797284381,8.873341387493838,25.37667741266597,42.70350406527828,372.83682519461826
cellrelaxed_LLZO_010_Li_order0_off__Li_111_slab_heavy_T450_0107_strain-0.010_perturbed.cif,908,-3123.117208480835,-3113.8528193052143,9.264389175620636,28.52131450889456,46.55179292004148,355.1381859375201
cellrelaxed_LLZO_010_Li_order0_off__Li_111_slab_heavy_T450_0107_strain-0.015_perturbed.cif,908,-3114.9039268493652,-3105.5796527289203,9.324274120444898,29.100084870281968,47.988638289278775,420.0458082138971
cellrelaxed_LLZO_010_Li_order0_off__Li_111_slab_heavy_T450_0120_strain+0.010_perturbed.cif,908,-3163.493871688843,-3154.243035795768,9.250835893074964,23.6905160579364,39.87519015158398,352.47992313629106
cellrelaxed_LLZO_010_Li_order0_off__Li_111_slab_heavy_T450_0120_strain+0.015_perturbed.cif,908,-3166.5961742401123,-3157.3794429690925,9.216731271019853,23.559146508379634,40.408605793894026,319.4437717063065
cellrelaxed_LLZO_010_Li_order0_off__Li_111_slab_heavy_T450_0120_strain-0.010_perturbed.cif,908,-3141.756772994995,-3132.275917731262,9.480855263733247,26.236726040593307,43.63920658338523,463.74685083170993
cellrelaxed_LLZO_010_Li_order0_off__Li_111_slab_heavy_T450_0120_strain-0.015_perturbed.cif,908,-3133.6607933044434,-3124.103007409778,9.557785894665358,28.107586384952363,46.88872329177353,468.7511543653111
cellrelaxed_LLZO_010_Li_order0_off__Li_111_slab_heavy_T450_0139_strain+0.010_perturbed.cif,908,-3191.3132667541504,-3182.002708336876,9.310558417274478,22.177600932072487,37.392471054644865,348.23709396858624
cellrelaxed_LLZO_010_Li_order0_off__Li_111_slab_heavy_T450_0139_strain+0.015_perturbed.cif,908,-3194.648265838623,-3185.4121654556557,9.23610038296738,22.143100619301897,37.097796960828525,265.35555956737693
cellrelaxed_LLZO_010_Li_order0_off__Li_111_slab_heavy_T450_0139_strain-0.010_perturbed.cif,908,-3169.375419616699,-3159.8463250059503,9.52909461074887,24.793249860126437,42.91121750253167,368.46580582468937
cellrelaxed_LLZO_010_Li_order0_off__Li_111_slab_heavy_T450_0139_strain-0.015_perturbed.cif,908,-3161.5121364593506,-3151.9279458513834,9.58419060796723,26.21268719117654,45.08942034351202,331.8931329976217
cellrelaxed_LLZO_010_Li_order0_off__Li_111_slab_heavy_T450_0149_strain+0.010_perturbed.cif,908,-3210.4568481445312,-3201.293448738746,9.163399405785185,20.71771637508768,34.518112389753206,296.30687063370294
cellrelaxed_LLZO_010_Li_order0_off__Li_111_slab_heavy_T450_0149_strain+0.015_perturbed.cif,908,-3213.9973640441895,-3204.937273747074,9.060090297115494,20.459426301132844,34.64266379743626,317.2025817374363
cellrelaxed_LLZO_010_Li_order0_off__Li_111_slab_heavy_T450_0149_strain-0.010_perturbed.cif,908,-3188.6069774627686,-3178.919015888182,9.687961574586552,22.320380132043162,37.23241518979904,324.2580535745926
cellrelaxed_LLZO_010_Li_order0_off__Li_111_slab_heavy_T450_0149_strain-0.015_perturbed.cif,908,-3180.824041366577,-3171.02997401112,9.794067355457173,23.16174773441724,37.7314254647243,350.582290632143
cellrelaxed_LLZO_010_Li_order0_off__Li_111_slab_heavy_T450_0163_strain-0.010_perturbed.cif,908,-3214.1013145446777,-3205.3320620280842,8.769252516593497,21.5245695799543,33.684782781013354,330.7551316927497
cellrelaxed_LLZO_010_Li_order0_off__Li_111_slab_heavy_T450_0163_strain-0.015_perturbed.cif,908,-3206.2411308288574,-3197.223832903931,9.017297924926424,22.580053954294602,34.95526970586599,342.382447624032
cellrelaxed_LLZO_010_Li_order4_off__Li_111_slab_heavy_T300_0063_strain+0.010_perturbed.cif,896,-3099.905014038086,-3086.9344352926355,12.970578745450439,24.997110057879382,39.743298270236274,246.67420193807823
cellrelaxed_LLZO_010_Li_order4_off__Li_111_slab_heavy_T300_0063_strain+0.015_perturbed.cif,896,-3101.696014404297,-3088.8042290832477,12.891785321049156,25.136152320367835,40.00987486660592,270.8862972489958
cellrelaxed_LLZO_010_Li_order4_off__Li_111_slab_heavy_T300_0063_strain-0.010_perturbed.cif,896,-3081.113815307617,-3067.9099207209542,13.203894586662955,27.686519506093354,44.745763582769435,306.83657981857107
cellrelaxed_LLZO_010_Li_order4_off__Li_111_slab_heavy_T300_0063_strain-0.015_perturbed.cif,896,-3073.4095573425293,-3060.108020455021,13.301536887508519,29.243724506833615,47.48990156232111,306.27461913654747
cellrelaxed_LLZO_010_Li_order4_off__Li_111_slab_heavy_T300_0082_strain+0.010_perturbed.cif,896,-3116.558790206909,-3103.99142778819,12.567362418719313,25.31040512675394,42.288544344928894,272.9859947011207
cellrelaxed_LLZO_010_Li_order4_off__Li_111_slab_heavy_T300_0082_strain+0.015_perturbed.cif,896,-3118.8979148864746,-3106.4207784627342,12.477136423740376,25.26292982602664,41.59968194267899,263.29507771843
cellrelaxed_LLZO_010_Li_order4_off__Li_111_slab_heavy_T300_0082_strain-0.010_perturbed.cif,896,-3096.3869094848633,-3083.489362838983,12.897546645880084,26.64199606051116,43.6883514872185,362.7750318255212
cellrelaxed_LLZO_010_Li_order4_off__Li_111_slab_heavy_T300_0082_strain-0.015_perturbed.cif,896,-3088.4077548980713,-3075.3844681329547,13.023286765116609,28.29230837780181,46.04654050498829,470.91573540381387
cellrelaxed_LLZO_010_Li_order4_off__Li_111_slab_heavy_T300_0084_strain+0.010_perturbed.cif,896,-3118.786334991455,-3106.155409339213,12.63092565224224,25.016622519621013,41.175434202141986,229.63262147333603
cellrelaxed_LLZO_010_Li_order4_off__Li_111_slab_heavy_T300_0084_strain+0.015_perturbed.cif,896,-3121.0803985595703,-3108.552437814069,12.527960745501332,24.96949965939745,42.067609362421294,263.4911554431827
cellrelaxed_LLZO_010_Li_order4_off__Li_111_slab_heavy_T300_0084_strain-0.010_perturbed.cif,896,-3099.1554260253906,-3086.1433577624343,13.01206826295629,26.371920205179784,43.301602444880665,318.15904693000004
cellrelaxed_LLZO_010_Li_order4_off__Li_111_slab_heavy_T300_0084_strain-0.015_perturbed.cif,896,-3091.341972351074,-3078.2032257552924,13.138746595781868,27.84108496291154,46.250503485454,452.23543099983306
cellrelaxed_LLZO_010_Li_order4_off__Li_111_slab_heavy_T300_0111_strain+0.010_perturbed.cif,896,-3152.904987335205,-3139.866709261631,13.03827807357402,22.719746485037508,37.90532986910862,270.13994020318455
cellrelaxed_LLZO_010_Li_order4_off__Li_111_slab_heavy_T300_0111_strain+0.015_perturbed.cif,896,-3156.1686992645264,-3143.175047360923,12.993651903603222,22.82503408649297,38.094875888286886,233.2340227870505
cellrelaxed_LLZO_010_Li_order4_off__Li_111_slab_heavy_T300_0111_strain-0.010_perturbed.cif,896,-3130.8670043945312,-3117.623784461687,13.243219932844113,25.70919131213011,42.485947743857224,319.05825447715415
cellrelaxed_LLZO_010_Li_order4_off__Li_111_slab_heavy_T300_0111_strain-0.015_perturbed.cif,896,-3122.8103637695312,-3109.490018291776,13.320345477755382,26.23095120344656,42.76372916507572,352.2541711145268
cellrelaxed_LLZO_010_Li_order4_off__Li_111_slab_heavy_T450_0024_strain+0.010_perturbed.cif,896,-3052.563190460205,-3040.03096134079,12.532229119415206,30.67718309243806,48.600493594107476,281.8241668854595
cellrelaxed_LLZO_010_Li_order4_off__Li_111_slab_heavy_T450_0024_strain+0.015_perturbed.cif,896,-3053.209066390991,-3040.7548255108004,12.45424088019081,29.971005747198515,46.306932994184244,264.0109697717548
cellrelaxed_LLZO_010_Li_order4_off__Li_111_slab_heavy_T450_0024_strain-0.010_perturbed.cif,896,-3037.7073287963867,-3024.7874386338285,12.919890162558204,32.07270567599872,49.58908611797043,262.0846648962506
cellrelaxed_LLZO_010_Li_order4_off__Li_111_slab_heavy_T450_0024_strain-0.015_perturbed.cif,896,-3030.6386947631836,-3017.5177015977233,13.120993165460277,33.033231783900746,51.386761823123344,342.43592664521896
cellrelaxed_LLZO_010_Li_order4_off__Li_111_slab_heavy_T450_0032_strain+0.010_perturbed.cif,896,-3058.4402084350586,-3045.838741721744,12.601466713314494,28.691574161223087,44.651612220584845,274.28548961075717
cellrelaxed_LLZO_010_Li_order4_off__Li_111_slab_heavy_T450_0032_strain+0.015_perturbed.cif,896,-3059.2682361602783,-3046.757402297544,12.510833862734216,29.23055732236438,45.877452784117644,230.96156133815884
cellrelaxed_LLZO_010_Li_order4_off__Li_111_slab_heavy_T450_0032_strain-0.010_perturbed.cif,896,-3043.114423751831,-3030.197288076027,12.917135675804275,32.04139249720366,50.09682756728449,335.289946628341
cellrelaxed_LLZO_010_Li_order4_off__Li_111_slab_heavy_T450_0032_strain-0.015_perturbed.cif,896,-3035.855293273926,-3022.8152726999074,13.0400205740184,33.98148367227504,53.4890770198282,365.05296947186923
cellrelaxed_LLZO_010_Li_order4_off__Li_111_slab_heavy_T450_0037_strain+0.010_perturbed.cif,896,-3062.8907680511475,-3050.2372034575596,12.653564593587816,28.523752124866093,44.965412001034004,332.1913015327216
cellrelaxed_LLZO_010_Li_order4_off__Li_111_slab_heavy_T450_0037_strain+0.015_perturbed.cif,896,-3063.981533050537,-3051.337101662771,12.644431387765962,28.456813860068948,45.12373512592236,269.4342634883152
cellrelaxed_LLZO_010_Li_order4_off__Li_111_slab_heavy_T450_0037_strain-0.010_perturbed.cif,896,-3046.788215637207,-3034.003401184886,12.784814452320916,30.090387714719544,48.04392573942016,323.64985100288925
cellrelaxed_LLZO_010_Li_order4_off__Li_111_slab_heavy_T450_0037_strain-0.015_perturbed.cif,896,-3039.5054817199707,-3026.571831602009,12.93365011796186,31.74216151259313,50.21754865574632,301.7502006997488
cellrelaxed_LLZO_010_Li_order4_off__Li_111_slab_heavy_T450_0041_strain+0.010_perturbed.cif,896,-3064.619541168213,-3051.9468387501547,12.67270241805818,29.10292717076181,46.33381966163953,300.5270870046511
cellrelaxed_LLZO_010_Li_order4_off__Li_111_slab_heavy_T450_0041_strain+0.015_perturbed.cif,896,-3065.6778812408447,-3053.009703959333,12.668177281511817,29.14155104171518,45.4659627216787,312.72254947676265
cellrelaxed_LLZO_010_Li_order4_off__Li_111_slab_heavy_T450_0041_strain-0.010_perturbed.cif,896,-3048.666477203369,-3035.868290423975,12.7981867793942,32.00666223598498,49.874326203965744,376.9717121498054
cellrelaxed_LLZO_010_Li_order4_off__Li_111_slab_heavy_T450_0041_strain-0.015_perturbed.cif,896,-3041.3904190063477,-3028.4576566230367,12.932762383311001,32.88128256700256,51.37511022682516,392.9163948896557
cellrelaxed_LLZO_010_Li_order4_off__Li_111_slab_heavy_T450_0068_strain+0.010_perturbed.cif,896,-3087.6400470733643,-3075.1254188986486,12.514628174715654,27.33372807286983,43.28337223409813,247.21468766577902
cellrelaxed_LLZO_010_Li_order4_off__Li_111_slab_heavy_T450_0068_strain+0.015_perturbed.cif,896,-3089.6201133728027,-3077.2532724627126,12.366840910090104,27.34005947798623,43.16249775705008,246.76096284102965
cellrelaxed_LLZO_010_Li_order4_off__Li_111_slab_heavy_T450_0068_strain-0.010_perturbed.cif,896,-3068.7460899353027,-3055.667095395003,13.078994540299846,29.297131665940874,46.53666751581057,340.3248149005125
cellrelaxed_LLZO_010_Li_order4_off__Li_111_slab_heavy_T450_0068_strain-0.015_perturbed.cif,896,-3060.8348846435547,-3047.5841980894206,13.250686554134063,31.091767853981054,50.39271758081092,438.21696844547296
cellrelaxed_LLZO_010_Li_order4_off__Li_111_slab_heavy_T450_0094_strain+0.010_perturbed.cif,896,-3114.1576766967773,-3101.631631783935,12.52604491284228,25.496304841882097,42.043275598872356,286.9608969611917
cellrelaxed_LLZO_010_Li_order4_off__Li_111_slab_heavy_T450_0094_strain+0.015_perturbed.cif,896,-3117.3462867736816,-3104.925550208431,12.420736565250536,25.380668436239603,42.71157899536658,306.0678440980795
cellrelaxed_LLZO_010_Li_order4_off__Li_111_slab_heavy_T450_0094_strain-0.010_perturbed.cif,896,-3091.5892124176025,-3078.5859459530393,13.00326646456324,29.93511923344697,49.427272037724066,334.98337872831183
cellrelaxed_LLZO_010_Li_order4_off__Li_111_slab_heavy_T450_0094_strain-0.015_perturbed.cif,896,-3083.237648010254,-3070.118419764315,13.119228245938757,31.46649521766884,51.63725861647726,408.72278825754006
cellrelaxed_LLZO_010_Li_order4_off__Li_111_slab_heavy_T450_0113_strain+0.010_perturbed.cif,896,-3138.504981994629,-3125.5880774585553,12.916904536073616,24.326289413018316,40.49010491529636,329.83503932970024
cellrelaxed_LLZO_010_Li_order4_off__Li_111_slab_heavy_T450_0113_strain+0.015_perturbed.cif,896,-3141.8800354003906,-3129.022066298018,12.857969102372408,24.607877757739374,41.7437663173613,330.52196552817577
cellrelaxed_LLZO_010_Li_order4_off__Li_111_slab_heavy_T450_0113_strain-0.010_perturbed.cif,896,-3116.1091327667236,-3103.0395800801216,13.069552686602037,27.282283828745406,47.10225340166285,353.60682052212087
cellrelaxed_LLZO_010_Li_order4_off__Li_111_slab_heavy_T450_0113_strain-0.015_perturbed.cif,896,-3107.8367233276367,-3094.7595518919115,13.077171435725177,29.19262938362893,50.50420004543587,396.37400680580276
cellrelaxed_LLZO_010_Li_order4_off__Li_111_slab_heavy_T450_0115_strain+0.010_perturbed.cif,896,-3141.343116760254,-3128.454027323674,12.88908943657998,23.387552915666806,37.647621887281176,277.98046053270787
cellrelaxed_LLZO_010_Li_order4_off__Li_111_slab_heavy_T450_0115_strain+0.015_perturbed.cif,896,-3144.7806358337402,-3131.9736627182724,12.806973115467827,23.36566938835284,38.10385302131779,261.8280237005435
cellrelaxed_LLZO_010_Li_order4_off__Li_111_slab_heavy_T450_0115_strain-0.010_perturbed.cif,896,-3118.87526512146,-3105.757481735541,13.117783385918756,26.530033233689103,44.45702358694925,366.2158159000945
cellrelaxed_LLZO_010_Li_order4_off__Li_111_slab_heavy_T450_0115_strain-0.015_perturbed.cif,896,-3110.686779022217,-3097.5471975944597,13.139581427757093,27.88642735575813,46.44288470297831,453.59332852673083
cellrelaxed_LLZO_010_Li_order4_off__Li_111_slab_heavy_T450_0119_strain+0.010_perturbed.cif,896,-3146.8310356140137,-3133.793411029014,13.037624584999776,24.218095103189896,41.17265670919672,391.567997785751
cellrelaxed_LLZO_010_Li_order4_off__Li_111_slab_heavy_T450_0119_strain+0.015_perturbed.cif,896,-3150.4433155059814,-3137.4603523387514,12.982963167230082,23.73071863677723,39.9353725639154,379.15173627725835
cellrelaxed_LLZO_010_Li_order4_off__Li_111_slab_heavy_T450_0119_strain-0.010_perturbed.cif,896,-3123.4841346740723,-3110.2913232039423,13.192811470129982,26.703468169831726,44.838089852952756,378.7697065760385
cellrelaxed_LLZO_010_Li_order4_off__Li_111_slab_heavy_T450_0119_strain-0.015_perturbed.cif,896,-3115.1576042175293,-3101.919441958671,13.23816225885821,28.63556257827672,49.15119115842482,386.7855576365007
cellrelaxed_LLZO_010_Li_order4_off__Li_111_slab_heavy_T450_0125_strain+0.010_perturbed.cif,896,-3158.3375930786133,-3145.1961514500713,13.141441628541997,22.078446289490813,36.802549365289686,282.5960275998633
cellrelaxed_LLZO_010_Li_order4_off__Li_111_slab_heavy_T450_0125_strain+0.015_perturbed.cif,896,-3161.9937419891357,-3148.8723301876494,13.121411801486374,22.340208049912047,37.025480499465985,254.4439245113702
cellrelaxed_LLZO_010_Li_order4_off__Li_111_slab_heavy_T450_0125_strain-0.010_perturbed.cif,896,-3134.990453720093,-3121.8038278201934,13.186625899899354,25.659828910256607,43.326550439857876,381.9074595811294
cellrelaxed_LLZO_010_Li_order4_off__Li_111_slab_heavy_T450_0125_strain-0.015_perturbed.cif,896,-3126.9707679748535,-3113.7443847964864,13.226383178367087,26.206975734204487,43.50896068600329,366.2983543490616
cellrelaxed_LLZO_010_Li_order4_off__Li_111_slab_heavy_T450_0128_strain+0.010_perturbed.cif,896,-3163.400173187256,-3150.220217908522,13.179955278733814,22.712081392635174,38.661692188532875,339.4812091560258
cellrelaxed_LLZO_010_Li_order4_off__Li_111_slab_heavy_T450_0128_strain+0.015_perturbed.cif,896,-3167.1955585479736,-3154.1301942689383,13.065364279035293,22.28452140028499,38.66806915274171,430.0458003340089
cellrelaxed_LLZO_010_Li_order4_off__Li_111_slab_heavy_T450_0128_strain-0.010_perturbed.cif,896,-3139.749050140381,-3126.2889491675064,13.460100972874443,24.336562137287167,40.42911345060105,340.3549216186377
cellrelaxed_LLZO_010_Li_order4_off__Li_111_slab_heavy_T450_0128_strain-0.015_perturbed.cif,896,-3131.4220428466797,-3117.9389168178527,13.483126028826973,26.84193941954862,44.713702038119926,306.5490695957176
cellrelaxed_LLZO_010_Li_order4_off__Li_111_slab_heavy_T450_0138_strain+0.010_perturbed.cif,896,-3185.180902481079,-3171.8326437041924,13.348258776886723,20.984533613089365,33.836112529887224,266.3373785043523
cellrelaxed_LLZO_010_Li_order4_off__Li_111_slab_heavy_T450_0138_strain+0.015_perturbed.cif,896,-3189.3134117126465,-3176.120584354781,13.192827357865553,20.46686394846612,33.282312834811925,290.6849735629885
cellrelaxed_LLZO_010_Li_order4_off__Li_111_slab_heavy_T450_0138_strain-0.010_perturbed.cif,896,-3161.045551300049,-3147.0001249708407,14.045426329208112,23.360272150252264,40.395971630141126,615.7380516621513
cellrelaxed_LLZO_010_Li_order4_off__Li_111_slab_heavy_T450_0138_strain-0.015_perturbed.cif,896,-3152.7318954467773,-3138.524822154782,14.20707329199513,24.57547268075901,41.9371193523196,613.4293238727544
cellrelaxed_LLZO_010_Li_order4_off__Li_111_slab_heavy_T450_0150_strain-0.015_perturbed.cif,896,-3181.6325187683105,-3167.7190469477277,13.9134718205828,21.0174215246084,31.018710133174377,249.08281358387273
cellrelaxed_LLZO_010_Li_order4_off__Li_111_slab_heavy_T450_0164_strain-0.015_perturbed.cif,896,-3205.9621810913086,-3194.3409708213885,11.621210269920084,21.033432321682316,30.137985174208964,147.07053998082688
cellrelaxed_LLZO_010_Li_order4_off__Li_111_slab_heavy_T450_0166_strain-0.015_perturbed.cif,896,-3207.770824432373,-3196.4198353566644,11.35098907570864,21.125841676251444,31.36551775560865,253.59786815240614
cellrelaxed_LLZO_010_Li_order4_off__Li_111_slab_heavy_T450_0199_strain-0.010_perturbed.cif,896,-3218.8849449157715,-3207.901358979695,10.983585936076452,20.89956260147498,30.700711143618406,229.08200895876067
cellrelaxed_LLZO_010_Li_order4_off__Li_111_slab_heavy_T450_0199_strain-0.015_perturbed.cif,896,-3209.0394496917725,-3198.1728555204622,10.866594171310226,22.400589081163442,32.96011410342651,239.47866429624708
